"compartment","depth","direct"
"surftemp",12.5241985321045,0
"surftemp",9.7365026473999,0.084237277507782
"surftemp",15.9939527511597,0.396129727363586
"surftemp",12.9409828186035,0.00171643495559692
"surftemp",10.7185564041138,0
"surftemp",25.0267486572266,0.0219739675521851
"surftemp",17.8290672302246,0.00343018770217896
"surftemp",14.1001672744751,0
"surftemp",15.6962366104126,0
"surftemp",12.0438623428345,0
"surftemp",10.9968700408936,0.000752151012420654
"surftemp",11.4097766876221,0.0032351016998291
"surftemp",13.3034143447876,0.0113106369972229
"surftemp",15.2056665420532,0.0100608468055725
"surftemp",12.0921993255615,0.0027616024017334
"surftemp",13.0897445678711,0.00703173875808716
"surftemp",13.4548406600952,0
"surftemp",12.2381601333618,0.0109905600547791
"surftemp",11.0184240341187,0.00401747226715088
"surftemp",19.5783157348633,0.0239306688308716
"surftemp",15.7367191314697,0.002521812915802
"surftemp",22.8308715820312,0.0289380550384521
"surftemp",20.1580028533936,0.0135107636451721
"surftemp",14.2928256988525,0.00712382793426514
"surftemp",32.4891204833984,0.0157614350318909
"surftemp",76.6228408813477,0.000624358654022217
"surftemp",9.71429347991943,0.0053180456161499
"surftemp",23.7410526275635,0.0107378959655762
"surftemp",12.132227897644,0.000639021396636963
"surftemp",14.3450736999512,0.000737667083740234
"surftemp",14.9455108642578,0.00270843505859375
"surftemp",16.22633934021,0.0168871283531189
"surftemp",19.012659072876,9.7811222076416e-05
"surftemp",18.8679485321045,0.0171151757240295
"surftemp",27.3223533630371,0.0728909969329834
"surftemp",7.69633960723877,0
"surftemp",18.1318550109863,0.00481599569320679
"surftemp",95.2350692749023,0.0340207815170288
"surftemp",13.2232151031494,0.00192838907241821
"surftemp",19.5992069244385,0.00789690017700195
"surftemp",16.8041648864746,0.00910007953643799
"surftemp",27.2072067260742,0.0149850249290466
"surftemp",14.3373870849609,0.00757002830505371
"surftemp",11.5055227279663,0
"surftemp",101.495903015137,0.0294302701950073
"surftemp",20.377420425415,0
"surftemp",20.2715625762939,0.0178452730178833
"surftemp",11.9616231918335,0.00299310684204102
"surftemp",14.4534435272217,0.00317221879959106
"surftemp",18.2607860565186,0
"surftemp",12.7597217559814,0.000112175941467285
"surftemp",14.847354888916,0
"surftemp",11.1893529891968,0.0467148423194885
"surftemp",17.4074172973633,0
"surftemp",143.188659667969,0.00113755464553833
"surftemp",59.7753562927246,0.0148583054542542
"surftemp",20.5027751922607,0.00050121545791626
"surftemp",21.6992092132568,0
"surftemp",11.2348670959473,0.00271600484848022
"surftemp",16.1193675994873,0
"surftemp",162.939926147461,0.0154615640640259
"surftemp",14.6763305664062,0.0620798468589783
"surftemp",16.8805160522461,0.0446166396141052
"surftemp",5.13293170928955,0.288278162479401
"surftemp",5.29207372665405,0.313024997711182
"surftemp",14.2461624145508,0
"surftemp",101.958015441895,0
"surftemp",119.7216796875,0.0153656005859375
"surftemp",22.1681728363037,0
"surftemp",14.5614128112793,0
"surftemp",13.776177406311,0
"surftemp",28.5764274597168,0.0224609375
"surftemp",20.9553031921387,0.060579240322113
"surftemp",6.46614694595337,0.258569300174713
"surftemp",7.12129783630371,0.305996417999268
"surftemp",84.4827041625977,0.00275713205337524
"surftemp",12.6000852584839,0
"surftemp",27.6755771636963,0
"surftemp",12.3395261764526,0
"surftemp",14.5144090652466,0
"surftemp",16.0663585662842,0
"surftemp",13.3797569274902,0.0998667478561401
"surftemp",6.4748420715332,0.0724322199821472
"surftemp",5.90500736236572,0
"surftemp",6.82642841339111,0
"surftemp",14.3257913589478,0.00789141654968262
"surftemp",5.88375806808472,0.0136470794677734
"surftemp",8.52764415740967,0
"surftemp",65,0
"surftemp",8.05352210998535,0.07207852602005
"surftemp",6.44203329086304,0.0306439995765686
"surftemp",17.2607135772705,0
"surftemp",37.8405418395996,0
"surftemp",4.26273393630981,0
"surftemp",3.7419605255127,0
"surftemp",20.7217826843262,0
"surftemp",5.24899482727051,0
"surftemp",19.8217506408691,0
"surftemp",4.27189111709595,0.203998565673828
"surftemp",4.76402807235718,0.157056570053101
"surftemp",13.4114427566528,0
"surftemp",20.1815414428711,0
"surftemp",10.1946773529053,0
"surftemp",20.6055564880371,0
"surftemp",29.179594039917,0.00517952442169189
"surftemp",23.4070377349854,0
"surftemp",20.5298976898193,0
"surftemp",11.299560546875,0
"surftemp",17.0920448303223,0
"surftemp",4.92596530914307,0
"surftemp",6.67949628829956,0
"surftemp",20.1191940307617,0
"surftemp",12.3536500930786,0.000315368175506592
"surftemp",6.08313131332397,0
"surftemp",12.2283525466919,0
"surftemp",22.0674629211426,0.00452625751495361
"surftemp",23.2612171173096,0
"surftemp",4.87067317962646,0
"surftemp",8.48864078521729,0.00234377384185791
"surftemp",13.9150905609131,0
"surftemp",10.2678165435791,0
"surftemp",18.6627197265625,0
"surftemp",23.9536609649658,0.0173205137252808
"surftemp",12.7682275772095,0.00912541151046753
"surftemp",6.019700050354,0
"surftemp",7.19466257095337,0
"surftemp",5.36707639694214,0.0154322385787964
"surftemp",13.67564868927,0
"surftemp",15.6576089859009,0
"surftemp",7.48759269714355,0
"surftemp",14.1616849899292,0.0095674991607666
"surftemp",5.67279005050659,0
"surftemp",4.93919897079468,0
"surftemp",3.3906102180481,0.0316178202629089
"surftemp",4.07833051681519,0.0246995091438293
"surftemp",8.19545364379883,0
"surftemp",8.45081996917725,0
"surftemp",19.4822998046875,0
"surftemp",16.5312442779541,0
"surftemp",15.415696144104,0
"surftemp",13.2310667037964,0.0136775374412537
"surftemp",6.06708383560181,0.0113488435745239
"surftemp",4.33788347244263,0.00465762615203857
"surftemp",13.8330354690552,0
"surftemp",8.3711051940918,0
"surftemp",17.446590423584,0
"surftemp",9.41220283508301,0.0124603509902954
"surftemp",8.95006465911865,0
"surftemp",13.2290735244751,0
"surftemp",14.0122098922729,0.00676465034484863
"surftemp",11.5021371841431,0.0113155841827393
"surftemp",7.88177347183228,0
"surftemp",5.08218193054199,0
"surftemp",19.1686058044434,0
"surftemp",18.5386238098145,0
"surftemp",27.4346561431885,0
"surftemp",7.97897863388062,0
"surftemp",9.8984432220459,0.0140008926391602
"surftemp",17.6829795837402,0
"surftemp",16.385669708252,0
"surftemp",14.9977235794067,0.00328892469406128
"surftemp",16.7863807678223,0.00322926044464111
"surftemp",16.9821968078613,0.0443026423454285
"surftemp",5.03912496566772,0
"surftemp",13.2218656539917,0
"surftemp",16.9304828643799,0
"surftemp",14.1284532546997,0.0112332105636597
"surftemp",22.9452266693115,0.00919812917709351
"surftemp",12.4460191726685,0
"surftemp",7.68280696868896,0
"surftemp",18.4936447143555,0.0486248731613159
"surftemp",8.98139190673828,0
"surftemp",6.64189338684082,0.0063515305519104
"surftemp",8.85830879211426,0.00786477327346802
"surftemp",11.9872989654541,0
"surftemp",26.8567409515381,0
"surftemp",8.57941246032715,0
"surftemp",20.5200328826904,0
"surftemp",11.0686922073364,0.00181704759597778
"surftemp",10.8123865127563,0
"surftemp",6.9278564453125,0
"surftemp",73.5289077758789,0.00892704725265503
"surftemp",94.5405197143555,0.000266551971435547
"surftemp",3.66128849983215,0
"surftemp",14.858660697937,0
"surftemp",11.7633638381958,0
"surftemp",5.37476444244385,0.174039423465729
"surftemp",3.02058100700378,0.0201519131660461
"surftemp",4.43769598007202,0.0313537120819092
"surftemp",5.03482103347778,0.0124065279960632
"surftemp",19.1061935424805,0.00139278173446655
"surftemp",58.1069107055664,0.0298858284950256
"surftemp",16.6604862213135,0.021480917930603
"surftemp",7.14324951171875,0.00958490371704102
"surftemp",16.9302291870117,0.00936448574066162
"surftemp",9.38211536407471,0.0173028111457825
"surftemp",11.4087762832642,0.0107427835464478
"surftemp",11.2442512512207,0.0151102542877197
"surftemp",12.9848155975342,0.00879186391830444
"surftemp",9.86387634277344,0.0227473974227905
"surftemp",11.9663581848145,0.00646501779556274
"surftemp",13.1240558624268,0.0239853262901306
"surftemp",16.8263835906982,0.0191125869750977
"surftemp",11.5993785858154,0.0347769260406494
"surftemp",12.3370933532715,0.0381662249565125
"surftemp",10.2543382644653,0.0406314134597778
"surftemp",9.84976577758789,0.00660884380340576
"surftemp",12.0688714981079,0.0155513286590576
"surftemp",19.3715381622314,0.00954467058181763
"surftemp",7.33805656433105,0.00254160165786743
"surftemp",16.129093170166,0.0254437923431396
"surftemp",13.1865167617798,0.024867832660675
"surftemp",12.7466659545898,0.0287841558456421
"surftemp",16.3163204193115,0.00789588689804077
"surftemp",16.9450187683105,0.0281553864479065
"surftemp",11.3538913726807,0.0268030166625977
"surftemp",11.6628484725952,0.100744903087616
"surftemp",8.41704654693604,0.0778077244758606
"surftemp",12.5513753890991,0.0872583389282227
"surftemp",15.5656023025513,0.116629421710968
"surftemp",11.9700593948364,0.110034048557281
"surftemp",10.8548574447632,0.104664444923401
"surftemp",13.4727306365967,0.102844178676605
"surftemp",10.2353315353394,0.0391888618469238
"surftemp",10.9536142349243,0.0727410912513733
"surftemp",14.8669118881226,0.0383855700492859
"surftemp",12.9890012741089,0.0303149223327637
"surftemp",11.8927707672119,0.0416704416275024
"surftemp",16.7007312774658,0.0513786673545837
"surftemp",11.9752359390259,0.0506983399391174
"surftemp",10.7509689331055,0.0783684849739075
"surftemp",13.4278240203857,0.102031350135803
"surftemp",11.2123050689697,0.130985975265503
"surftemp",11.8514642715454,0.122812449932098
"surftemp",12.9609222412109,0.10284686088562
"surftemp",11.5726499557495,0.0119611024856567
"surftemp",11.1426982879639,0.0704826712608337
"surftemp",8.18846035003662,0.0589221715927124
"surftemp",11.5887355804443,0.0592455267906189
"surftemp",14.1448526382446,0.0670245885848999
"surftemp",13.2623977661133,0.0647623538970947
"surftemp",10.1192817687988,0.0428780317306519
"surftemp",7.31064891815186,0.0425121784210205
"surftemp",14.1863641738892,0.0816038250923157
"surftemp",10.6975431442261,0.0777390003204346
"surftemp",19.7222537994385,0.0404151678085327
"surftemp",29.2069721221924,0.00611543655395508
"surftemp",8.72024154663086,0.0951590538024902
"surftemp",9.16796779632568,0.0642427802085876
"surftemp",11.5308723449707,0.0614455342292786
"surftemp",11.25843334198,0.0755637288093567
"surftemp",10.3138113021851,0.0606769919395447
"surftemp",11.4071960449219,0.0455263257026672
"surftemp",13.4824247360229,0.0181111693382263
"surftemp",9.67548084259033,0.0220816731452942
"surftemp",16.0153617858887,0.0157955884933472
"surftemp",8.15042018890381,0.0212517976760864
"surftemp",8.28266334533691,0
"surftemp",8.35260105133057,0.0837720036506653
"surftemp",8.82273197174072,0.0272762775421143
"surftemp",8.28221797943115,0.0326499342918396
"surftemp",93.5674438476562,0.0259536504745483
"surftemp",12.9612846374512,0.00854206085205078
"surftemp",15.6770305633545,0.00969177484512329
"surftemp",19.5649185180664,0.0264015793800354
"surftemp",17.0198516845703,0
"surftemp",8.82960605621338,0.0364593863487244
"surftemp",9.23919773101807,0.0512733459472656
"surftemp",12.8687200546265,0.00257563591003418
"surftemp",12.618260383606,0.0106546878814697
"surftemp",10.9471921920776,0.0109134316444397
"surftemp",15.6383476257324,0.0139588713645935
"surftemp",9.28908634185791,0.00869631767272949
"surftemp",12.9884166717529,0
"surftemp",286.014678955078,0
"surftemp",15.2585287094116,0
"surftemp",10.5698127746582,0
"surftemp",16.0270137786865,0
"surftemp",13.8174877166748,0
"surftemp",8.57286834716797,0.0380263924598694
"surftemp",8.55790519714355,0.0331396460533142
"surftemp",14.9067096710205,0.0584964156150818
"surftemp",12.8481149673462,0
"surftemp",24.46706199646,0.0371251106262207
"surftemp",22.614595413208,0
"surftemp",18.0546569824219,0
"surftemp",7.84897661209106,0
"surftemp",8.78782749176025,0.000836610794067383
"surftemp",17.3129043579102,0.00759661197662354
"surftemp",11.8695783615112,0.0061568021774292
"surftemp",8.69384574890137,0
"surftemp",14.9633836746216,0.0495670437812805
"surftemp",8.8228063583374,0
"surftemp",12.8396711349487,0
"surftemp",8.26709270477295,0
"surftemp",3.6683337688446,0
"surftemp",13.1316699981689,0
"surftemp",7.16552686691284,0.00528466701507568
"surftemp",13.3884325027466,0
"surftemp",13.5877475738525,0.00693237781524658
"surftemp",9.69215202331543,0.00884276628494263
"surftemp",12.2845544815063,0
"surftemp",13.6127777099609,0
"surftemp",7.77797746658325,0.00110572576522827
"surftemp",17.9863414764404,0
"surftemp",13.3140716552734,0
"surftemp",12.8899927139282,0
"surftemp",10.07239818573,0.0114957690238953
"surftemp",97.0643692016602,0
"surftemp",6.27115774154663,0
"surftemp",30.1680583953857,0.0092242956161499
"surftemp",7.3327579498291,0.0519794821739197
"surftemp",18.1495056152344,0.0468363761901855
"surftemp",41.9332656860352,0.010157585144043
"surftemp",15.1330242156982,0
"surftemp",16.5074501037598,0
"surftemp",15.663215637207,0
"surftemp",108.07958984375,0
"surftemp",15.6742887496948,0
"surftemp",42.3154029846191,0.00574606657028198
"surftemp",80.4554977416992,0.0081709623336792
"surftemp",14.8140144348145,0.0426573157310486
"surftemp",156.062591552734,0.0632562637329102
"surftemp",20.433385848999,0.0794447660446167
"surftemp",7.53428745269775,0.0558176040649414
"surftemp",26.8066864013672,0.0112153291702271
"surftemp",12.7789001464844,0.0889161825180054
"surftemp",12.8875398635864,0.00982314348220825
"surftemp",14.6153764724731,0.00801706314086914
"surftemp",14.4016952514648,0.0254077911376953
"surftemp",15.1624689102173,0
"surftemp",13.7113094329834,0
"surftemp",13.0985527038574,0
"surftemp",8.225830078125,0
"surftemp",17.071159362793,0.000870645046234131
"surftemp",13.1391162872314,0.0738281607627869
"surftemp",25.3035335540771,0.04165118932724
"surftemp",24.0901069641113,0.0387752056121826
"surftemp",22.4438743591309,0.00716030597686768
"surftemp",8.6810884475708,0.0180581212043762
"surftemp",3.60689091682434,0.0196780562400818
"surftemp",16.6705875396729,0.0763643383979797
"surftemp",11.3405828475952,0.0604639649391174
"surftemp",12.8981189727783,0
"surftemp",12.4884271621704,0
"surftemp",11.6875667572021,0
"surftemp",15.2761192321777,0
"surftemp",17.2342796325684,0
"surftemp",9.48571586608887,0
"surftemp",9.43961906433105,0.000917255878448486
"surftemp",10.5588665008545,0.00305485725402832
"surftemp",10.2551612854004,0.00563538074493408
"surftemp",42.3731803894043,0.0103679299354553
"surftemp",13.7026586532593,0.00578385591506958
"surftemp",9.77810001373291,0.0277636647224426
"surftemp",10.4881381988525,0
"surftemp",11.0725431442261,0
"surftemp",15.3134937286377,0
"surftemp",27.7457160949707,0
"surftemp",17.3749046325684,0.00719606876373291
"surftemp",6.26927042007446,0
"surftemp",8.5794849395752,0.00868582725524902
"surftemp",17.2097682952881,0.00957828760147095
"surftemp",21.5048732757568,0
"surftemp",12.1847772598267,0.00583082437515259
"surftemp",13.1089315414429,0
"surftemp",96.058967590332,0.0454476475715637
"surftemp",11.4515190124512,0.000329554080963135
"surftemp",17.3769912719727,0.018673300743103
"surftemp",12.3196802139282,0.0389825105667114
"surftemp",34.9481430053711,0
"surftemp",6.27040576934814,0
"surftemp",4.90625143051147,0
"surftemp",17.7281360626221,0.0479785799980164
"surftemp",9.82577514648438,0.0338953733444214
"surftemp",10.1559200286865,0.0121503472328186
"surftemp",15.5314931869507,0.00626415014266968
"surftemp",14.9901113510132,0.00489199161529541
"surftemp",97.2481002807617,0
"surftemp",11.4991455078125,0.00308239459991455
"surftemp",13.3466358184814,0
"surftemp",11.7610244750977,0
"surftemp",12.219066619873,0.00409531593322754
"surftemp",16.4672565460205,0.00569981336593628
"surftemp",9.60661506652832,0.00315827131271362
"surftemp",11.52379322052,0.000620007514953613
"surftemp",11.0496807098389,0
"surftemp",18.4107646942139,0
"surftemp",9.18655776977539,0.00755798816680908
"surftemp",13.5430202484131,0.0122082829475403
"surftemp",6.64293241500854,0.00942033529281616
"surftemp",10.9315032958984,0.00395596027374268
"surftemp",11.5994472503662,0
"surftemp",12.8301258087158,0
"surftemp",10.4065599441528,0.000881969928741455
"surftemp",11.929141998291,0.00984460115432739
"surftemp",12.3333082199097,0.0126140713691711
"surftemp",14.4559526443481,0.00495314598083496
"surftemp",10.322226524353,0
"surftemp",10.7067909240723,0.0639777183532715
"surftemp",5.30636501312256,0.00894719362258911
"surftemp",5.76108694076538,0.00639188289642334
"surftemp",12.3172550201416,0.0010148286819458
"surftemp",7.91293287277222,0.00013810396194458
"surftemp",100.05094909668,0.00206869840621948
"surftemp",5.57458543777466,0
"surftemp",5.02174091339111,0
"surftemp",101.54322052002,0.00899869203567505
"surftemp",11.7633638381958,0.0215933918952942
"surftemp",10.1695594787598,0.020098090171814
"surftemp",21.6628646850586,0.00608146190643311
"surftemp",11.2605876922607,0.00337690114974976
"surftemp",9.09652805328369,0.00138497352600098
"surftemp",9.29168510437012,0
"surftemp",9.18882274627686,0
"surftemp",17.9107894897461,0
"surftemp",8.28481197357178,0
"surftemp",8.05667209625244,0
"surftemp",10.3925933837891,0
"surftemp",9.70603370666504,0.0071672797203064
"surftemp",20.5924777984619,0
"surftemp",20.9075031280518,0
"surftemp",9.53906154632568,0
"surftemp",15.428370475769,0.00777703523635864
"surftemp",9.92176246643066,0
"surftemp",5.70101547241211,0
"surftemp",97.3906784057617,0.0146551132202148
"surftemp",102.621910095215,0.0269913673400879
"surftemp",98.6455764770508,0.0243756175041199
"surftemp",12.9332666397095,0.00368773937225342
"surftemp",15.0607719421387,0.0163431763648987
"surftemp",13.0006742477417,0.025954008102417
"surftemp",4.33204126358032,0.00171887874603271
"surftemp",10.4339017868042,0.00168806314468384
"surftemp",10.0954141616821,0.00144976377487183
"surftemp",10.9968204498291,0.00831407308578491
"surftemp",13.3364534378052,0.00611579418182373
"surftemp",8.60521411895752,0.00672280788421631
"surftemp",11.137716293335,0.00870382785797119
"surftemp",6.12671136856079,0
"surftemp",14.8016767501831,0
"surftemp",12.4210262298584,0
"surftemp",10.0744781494141,0
"surftemp",13.3735799789429,0
"surftemp",11.308310508728,0.034540593624115
"surftemp",12.0683660507202,0.0578310489654541
"surftemp",10.9933938980103,0.0370053052902222
"surftemp",12.387806892395,0.0475791692733765
"surftemp",10.2471408843994,0.0555607080459595
"surftemp",28.7705192565918,0.0390897393226624
"surftemp",14.8892412185669,0.0122234225273132
"surftemp",33.6505966186523,0.00458848476409912
"surftemp",8.11683082580566,0
"surftemp",33.8149299621582,0.00877135992050171
"surftemp",13.989218711853,0.00494211912155151
"surftemp",11.0214347839355,0
"surftemp",11.3903570175171,0.00733691453933716
"surftemp",12.4480409622192,0.0100974440574646
"surftemp",13.9090538024902,0.0241450071334839
"surftemp",11.1174354553223,0.00397992134094238
"surftemp",12.4528303146362,0.0126740336418152
"surftemp",94.1117630004883,0.0357275009155273
"surftemp",12.0359106063843,0.0208373665809631
"surftemp",9.69221687316895,0.0186573266983032
"surftemp",12.8868732452393,0.0121185779571533
"surftemp",14.5699615478516,0.000124216079711914
"surftemp",12.7430334091187,0.000466525554656982
"surftemp",18.5282936096191,0.0163097977638245
"surftemp",8.45619583129883,0.00313186645507812
"surftemp",8.90814685821533,0.0132699012756348
"surftemp",10.1220855712891,0.00661009550094604
"surftemp",9.23698902130127,0.0126117467880249
"surftemp",9.74096965789795,0.0161153078079224
"surftemp",12.9072570800781,0.0283730030059814
"surftemp",48.4328727722168,3.97562980651855e-05
"surftemp",36.3121795654297,0
"surftemp",11.2375965118408,0
"surftemp",14.8188972473145,0.000113785266876221
"surftemp",9.15529155731201,0.0276002287864685
"surftemp",11.8889417648315,0.0473881363868713
"surftemp",13.4995164871216,0.0250456929206848
"surftemp",8.58448791503906,0.00358963012695312
"surftemp",11.7576360702515,0
"surftemp",10.4681844711304,0
"surftemp",11.2517652511597,0
"surftemp",8.65376281738281,0.00959128141403198
"surftemp",13.9216403961182,0.0155125856399536
"surftemp",17.5071353912354,0.0189839601516724
"surftemp",10.5923528671265,0.0156014561653137
"surftemp",6.98928928375244,0.00993680953979492
"surftemp",11.7393999099731,0.019245982170105
"surftemp",11.2403783798218,0.0198377370834351
"surftemp",15.7025537490845,0.01688152551651
"surftemp",24.6647777557373,0.0480008125305176
"surftemp",100.674690246582,0.0289099812507629
"surftemp",11.6988430023193,0.0149635672569275
"surftemp",8.68108749389648,0.00257384777069092
"surftemp",11.7467479705811,0
"surftemp",9.16907596588135,0.00309830904006958
"surftemp",12.782374382019,0
"surftemp",12.3537006378174,0
"surftemp",97.0607376098633,0.00388586521148682
"surftemp",96.8169326782227,0.00465786457061768
"surftemp",31.8551330566406,0.0343132615089417
"surftemp",10.4462585449219,0.017245888710022
"surftemp",8.41827201843262,0.0175763964653015
"surftemp",11.4602737426758,0.0228468775749207
"surftemp",10.0308265686035,0.0144776105880737
"surftemp",8.36499309539795,0.0195329189300537
"surftemp",11.3184442520142,0.0289384126663208
"surftemp",8.02152061462402,0.0264019966125488
"surftemp",14.0571212768555,0.0401169657707214
"surftemp",10.6343202590942,0.0278759002685547
"surftemp",5.8788800239563,0.0170928239822388
"surftemp",4.96218156814575,0.0207122564315796
"surftemp",10.3909788131714,0.0178253054618835
"surftemp",13.6368055343628,0.0455464720726013
"surftemp",11.4072914123535,0.0354087948799133
"surftemp",15.1159286499023,0.0298620462417603
"surftemp",8.53325939178467,0.00130349397659302
"surftemp",11.2703113555908,0
"surftemp",11.7932634353638,0
"surftemp",10.7112855911255,0
"surftemp",13.6185932159424,0.0292177200317383
"surftemp",9.02974128723145,0.0106208920478821
"surftemp",9.15507698059082,0.0150696635246277
"surftemp",13.5919618606567,0.0135946869850159
"surftemp",14.2496385574341,0.0287229418754578
"surftemp",18.5282402038574,0.0267158150672913
"surftemp",10.9929332733154,0.0136365294456482
"surftemp",10.1658687591553,0.0278334021568298
"surftemp",104.57071685791,0.0100513100624084
"surftemp",80.9724807739258,0.00394833087921143
"surftemp",8.03839302062988,0.00705718994140625
"surftemp",12.8866739273071,0.0253328084945679
"surftemp",18.8535766601562,0.0368173122406006
"surftemp",30.8925609588623,0.0549169182777405
"surftemp",14.3136930465698,0.0467451810836792
"surftemp",7.60628366470337,0.0442105531692505
"surftemp",9.27075290679932,0.044239342212677
"surftemp",9.76734066009521,0.0281805396080017
"surftemp",7.22427225112915,0.0316381454467773
"surftemp",6.2423734664917,0.0248332619667053
"surftemp",10.7258596420288,0.0390698313713074
"surftemp",7.61508226394653,0.0286731719970703
"surftemp",8.71330261230469,0.00373131036758423
"surftemp",3.49851608276367,0.038166880607605
"surftemp",3.42273259162903,0.0207926630973816
"surftemp",45.8053741455078,0.00819599628448486
"surftemp",21.0304794311523,0.0110018849372864
"surftemp",11.3200063705444,0.00835335254669189
"surftemp",15.4910650253296,0.0581974387168884
"surftemp",5.93903493881226,0.0367661714553833
"surftemp",14.0727281570435,0.109965205192566
"surftemp",13.8203010559082,0.0573898553848267
"surftemp",10.5025825500488,0.0240175127983093
"surftemp",10.1439218521118,0.00397545099258423
"surftemp",9.58557319641113,0
"surftemp",6.07624816894531,0
"surftemp",10.2691984176636,0.00759130716323853
"surftemp",28.6328048706055,0.0230776071548462
"surftemp",18.1384010314941,0.0103513598442078
"surftemp",36.1547813415527,0.00776016712188721
"surftemp",13.2587718963623,0.0231718420982361
"surftemp",35.5053215026855,0.0462614893913269
"surftemp",12.9871349334717,0.0171460509300232
"surftemp",26.4851970672607,0.0248598456382751
"surftemp",10.9583530426025,0
"surftemp",10.6756839752197,0.0475434064865112
"surftemp",36.6847610473633,0
"surftemp",10.9635381698608,0.0249411463737488
"surftemp",11.2117290496826,0.0284506678581238
"surftemp",79.9292678833008,0
"surftemp",19.8199768066406,0.0010492205619812
"surftemp",18.777042388916,0.025347888469696
"surftemp",10.3614702224731,0.0359255075454712
"surftemp",9.76105308532715,0.0482532978057861
"surftemp",8.4812650680542,0.0436053276062012
"surftemp",9.2907886505127,0.0335444808006287
"surftemp",12.1379642486572,0.0383992195129395
"surftemp",9.35912704467773,0.034847617149353
"surftemp",30.8690319061279,0.0563076138496399
"surftemp",7.34766149520874,0.0332401394844055
"surftemp",8.30080986022949,0.021849513053894
"surftemp",10.3811645507812,0.0243374705314636
"surftemp",9.90437793731689,0.0294137597084045
"surftemp",12.0429563522339,0.0296144485473633
"surftemp",12.1950578689575,0.0131282806396484
"surftemp",12.7308225631714,0.00855225324630737
"surftemp",6.30944776535034,0.0423583388328552
"surftemp",5.10773420333862,0.0126620531082153
"surftemp",5.28195238113403,0.0108786821365356
"surftemp",12.8649768829346,0.0116806030273438
"surftemp",10.2409610748291,0.0124002695083618
"surftemp",8.72039127349854,0
"surftemp",161.080612182617,0.00743287801742554
"surftemp",168.963333129883,0.0486209392547607
"surftemp",19.7250022888184,0.130108535289764
"surftemp",17.3228302001953,0.0448448061943054
"surftemp",4.26853609085083,0
"surftemp",10.6993627548218,0.00696724653244019
"surftemp",7.22256565093994,0
"surftemp",12.0227136611938,9.95397567749023e-06
"surftemp",7.93161010742188,0
"surftemp",11.8800067901611,0
"surftemp",10.7174711227417,0
"surftemp",7.21987915039062,0
"surftemp",11.7647705078125,0.0375420451164246
"surftemp",17.6241226196289,0.00456458330154419
"surftemp",22.3895092010498,0.000810980796813965
"surftemp",14.0522136688232,0.0196834802627563
"surftemp",13.9424924850464,0.00412160158157349
"surftemp",4.80256938934326,0
"surftemp",3.3302161693573,0.00500309467315674
"surftemp",4.25668287277222,0.00226020812988281
"surftemp",5.47987174987793,0.0500327944755554
"surftemp",79.9683303833008,0
"surftemp",11.4279556274414,0.00995427370071411
"surftemp",11.2436122894287,0.00343281030654907
"surftemp",8.2483491897583,0.0357747077941895
"surftemp",10.0366563796997,0.0573781728744507
"surftemp",7.65077352523804,0.0690059065818787
"surftemp",13.2559509277344,0.0706722140312195
"surftemp",7.95159149169922,0.0300894379615784
"surftemp",7.58226871490479,0.0148120522499084
"surftemp",9.26979637145996,0.0201588869094849
"surftemp",8.46080589294434,0.0319523215293884
"surftemp",15.79514503479,0.0440889596939087
"surftemp",8.32030391693115,0.0238183736801147
"surftemp",8.36499309539795,0.0357326865196228
"surftemp",70.6910705566406,0.0697188377380371
"surftemp",23.8795204162598,0.024971604347229
"surftemp",3.26197552680969,0.00517690181732178
"surftemp",4.95050477981567,0.00915849208831787
"surftemp",4.98616170883179,0.0081326961517334
"surftemp",9.562575340271,3.27825546264648e-05
"surftemp",5.54145431518555,0
"surftemp",9.12317752838135,0
"surftemp",23.3114204406738,0
"surftemp",15.1385803222656,0.0339114665985107
"surftemp",12.3586359024048,0.103699028491974
"surftemp",18.1497573852539,0.0782538056373596
"surftemp",18.895788192749,0.0355989933013916
"surftemp",9.1198205947876,0.0052025318145752
"surftemp",14.28870677948,0.0125187039375305
"surftemp",17.2989044189453,0.0323340892791748
"surftemp",13.1953620910645,0.0104100704193115
"surftemp",16.0114479064941,0.00834798812866211
"surftemp",39.6159858703613,0
"surftemp",10.6122007369995,0
"surftemp",19.9281311035156,0.0323759913444519
"surftemp",41.6407432556152,0.0723782777786255
"surftemp",10.1128063201904,0.0113327503204346
"surftemp",20.8449382781982,0.0194128751754761
"surftemp",9.76034259796143,0
"surftemp",9.65491199493408,0.0360240340232849
"surftemp",7.87908601760864,0.0302118062973022
"surftemp",8.21128082275391,0.00335973501205444
"surftemp",14.3917512893677,0.00053858757019043
"surftemp",14.704252243042,0
"surftemp",7.64588928222656,0
"surftemp",4.95075416564941,1.76429748535156e-05
"surftemp",15.5681657791138,0.00860363245010376
"surftemp",10.1487150192261,0.0516268014907837
"surftemp",8.04806423187256,0.0203359723091125
"surftemp",26.9674453735352,0.0605956315994263
"surftemp",11.9312114715576,0.0850817561149597
"surftemp",9.47833824157715,0.0940729379653931
"surftemp",6.28065252304077,0.0397759079933167
"surftemp",6.8410849571228,0.0351880192756653
"surftemp",7.96745824813843,0.0318908095359802
"surftemp",11.9529390335083,0.0270946025848389
"surftemp",7.7271671295166,0.0244014859199524
"surftemp",9.25555515289307,0.0193541646003723
"surftemp",10.9124670028687,0.0225874781608582
"surftemp",12.4016704559326,0.030676007270813
"surftemp",4.75616216659546,0.0327314138412476
"surftemp",8.00074005126953,0.0451520681381226
"surftemp",9.88366031646729,0.0295939445495605
"surftemp",14.6981182098389,0.0654794573783875
"surftemp",5.16495752334595,0.0221735239028931
"surftemp",31.9823169708252,0.0341644883155823
"surftemp",34.2233047485352,0.0146969556808472
"surftemp",28.0230350494385,0.00126558542251587
"surftemp",5.88444232940674,0.0037875771522522
"surftemp",4.61620855331421,0
"surftemp",3.55839109420776,0
"surftemp",6.00907897949219,0
"surftemp",5.11200094223022,0
"surftemp",7.88332223892212,0
"surftemp",9.60350227355957,0.0297157168388367
"surftemp",11.570255279541,0.0258049368858337
"surftemp",10.0858058929443,0.0610548257827759
"surftemp",14.3015251159668,0.0251180529594421
"surftemp",11.3232383728027,0.0156387686729431
"surftemp",6.72643375396729,0.000714719295501709
"surftemp",10.2681446075439,0
"surftemp",4.93445539474487,0
"surftemp",11.8808012008667,0
"surftemp",5.76295900344849,0.0219435095787048
"surftemp",14.3855094909668,0.00482088327407837
"surftemp",12.8188905715942,0.00988262891769409
"surftemp",5.7932448387146,0.0150715112686157
"surftemp",21.7249641418457,0
"surftemp",20.4451389312744,0.000250160694122314
"surftemp",10.8453130722046,0.074554443359375
"surftemp",7.53386831283569,0.00806587934494019
"surftemp",13.1213312149048,0.011809766292572
"surftemp",293.116027832031,0.0087018609046936
"surftemp",10.7006740570068,0.00387614965438843
"surftemp",11.1710500717163,0.00509119033813477
"surftemp",10.7219800949097,0.00283908843994141
"surftemp",10.3621025085449,0.00305569171905518
"surftemp",16.7828788757324,0.0212087035179138
"surftemp",10.3318557739258,0.00837552547454834
"surftemp",30.7886772155762,0
"surftemp",11.0091104507446,0
"surftemp",9.73613262176514,0
"surftemp",29.9427604675293,0
"surftemp",10.9940309524536,0.0295613408088684
"surftemp",12.626576423645,0.0377380847930908
"surftemp",10.2247848510742,0.0621777772903442
"surftemp",11.0579433441162,0.0723181962966919
"surftemp",11.9119930267334,0.0870816707611084
"surftemp",18.6206874847412,0.0516552329063416
"surftemp",5.50671243667603,0.0345419645309448
"surftemp",8.77954292297363,0.030695915222168
"surftemp",11.089448928833,0.0288655757904053
"surftemp",6.69200658798218,0.0201748013496399
"surftemp",12.3122549057007,0.0217982530593872
"surftemp",9.95024013519287,0.0143808722496033
"surftemp",15.9936046600342,0.0278527140617371
"surftemp",6.07230567932129,0.0142595767974854
"surftemp",10.6745624542236,0
"surftemp",26.5712451934814,0.034024715423584
"surftemp",3.76942849159241,0.00505459308624268
"surftemp",7.05983924865723,0.00282281637191772
"surftemp",4.7411036491394,0.00305169820785522
"surftemp",3.25840139389038,0.00051414966583252
"surftemp",4.63228178024292,0
"surftemp",3.76851487159729,0
"surftemp",2.27145504951477,0
"surftemp",7.70751619338989,0.000370383262634277
"surftemp",6.82151126861572,0.0204610824584961
"surftemp",12.3363647460938,0.0206454396247864
"surftemp",19.7962188720703,0.0176457166671753
"surftemp",13.6921463012695,0.0697436928749084
"surftemp",8.8278226852417,0
"surftemp",10.8245067596436,0
"surftemp",9.33624267578125,0
"surftemp",10.9472799301147,0.00322908163070679
"surftemp",8.74733352661133,0
"surftemp",11.4317045211792,0
"surftemp",12.2178907394409,0
"surftemp",13.4235277175903,0.00171893835067749
"surftemp",9.80655384063721,0.00238025188446045
"surftemp",5.55314350128174,0.00278782844543457
"surftemp",10.7993927001953,0
"surftemp",13.002046585083,0.081028938293457
"surftemp",14.3113136291504,0.00866806507110596
"surftemp",14.7306203842163,0.00672441720962524
"surftemp",9.81394004821777,0.00410795211791992
"surftemp",9.76840305328369,0.00359272956848145
"surftemp",104.636192321777,0.00237876176834106
"surftemp",17.8009510040283,0.0165067911148071
"surftemp",11.1560831069946,0
"surftemp",17.4483833312988,0
"surftemp",79.2091903686523,0.00864797830581665
"surftemp",8.63234615325928,0.0546818971633911
"surftemp",8.43702793121338,0.0637103915214539
"surftemp",7.57230043411255,0.0730206370353699
"surftemp",7.65278196334839,0.0803829431533813
"surftemp",9.77188205718994,0.0752924680709839
"surftemp",11.3319511413574,0.0407618880271912
"surftemp",6.27781343460083,0.023823082447052
"surftemp",10.8705291748047,0.0138973593711853
"surftemp",13.7682037353516,0.0117722749710083
"surftemp",11.2403497695923,0.00462275743484497
"surftemp",11.4387645721436,0.00167000293731689
"surftemp",10.0251178741455,0.00544595718383789
"surftemp",4.53072881698608,0.01873779296875
"surftemp",13.3792324066162,0.0570253729820251
"surftemp",33.9597702026367,0.062014639377594
"surftemp",7.56210994720459,0.00774633884429932
"surftemp",7.81977987289429,0
"surftemp",10.6405172348022,0.0147923827171326
"surftemp",34.8525123596191,0.000119209289550781
"surftemp",5.4494423866272,0
"surftemp",4.03599500656128,0
"surftemp",3.53903126716614,0
"surftemp",4.39944219589233,0.00020444393157959
"surftemp",12.0934257507324,0.0112374424934387
"surftemp",8.56559658050537,0.0201820731163025
"surftemp",18.2404689788818,0.0428413152694702
"surftemp",13.2060375213623,0.0152161717414856
"surftemp",15.3707008361816,0.0200132727622986
"surftemp",11.452296257019,0
"surftemp",12.6576881408691,0.0127994418144226
"surftemp",10,0
"surftemp",79.9920349121094,0.0376636981964111
"surftemp",12.0493927001953,0
"surftemp",13.0566186904907,0
"surftemp",8.8919792175293,0
"surftemp",16.3749446868896,0
"surftemp",17.2800369262695,0
"surftemp",23.8070125579834,0
"surftemp",16.0197372436523,0.0742800831794739
"surftemp",7.82055568695068,0.00376653671264648
"surftemp",11.0497827529907,0.0109938383102417
"surftemp",12.7060098648071,0
"surftemp",20,0
"surftemp",8.65768623352051,0.00260961055755615
"surftemp",13.7382402420044,0.0082738995552063
"surftemp",16.1523303985596,0.0204652547836304
"surftemp",14.2432279586792,0.0218260884284973
"surftemp",18.4349536895752,0.0429725050926208
"surftemp",17.5113964080811,0.0532664060592651
"surftemp",14.8369073867798,0.0596667528152466
"surftemp",11.8602590560913,0.0518366694450378
"surftemp",6.25140857696533,0.0109428763389587
"surftemp",9.57075023651123,0
"surftemp",6.09329271316528,0
"surftemp",10.1434879302979,0
"surftemp",7.69514322280884,0
"surftemp",10.1593046188354,0.00257092714309692
"surftemp",8.95728015899658,0.0140596628189087
"surftemp",9.64556312561035,0.0169766545295715
"surftemp",8.51171588897705,0.0196360945701599
"surftemp",25.6412448883057,0.0652863383293152
"surftemp",4.93801212310791,0.0326403975486755
"surftemp",16.4062194824219,0.0543138980865479
"surftemp",30.5376167297363,0.0720311403274536
"surftemp",11.5069694519043,0
"surftemp",19.1668758392334,0
"surftemp",35.1605186462402,0.00962156057357788
"surftemp",5.14436054229736,0.00546097755432129
"surftemp",3.59741067886353,0
"surftemp",9.28199291229248,0.00136178731918335
"surftemp",14.8783082962036,0.00976735353469849
"surftemp",18.4905757904053,0.0153377056121826
"surftemp",15.0791368484497,0.0341606736183167
"surftemp",12.3271903991699,0
"surftemp",12.7942066192627,0.00269126892089844
"surftemp",16.8846244812012,0
"surftemp",8.54934310913086,0
"surftemp",6.19525337219238,0
"surftemp",16.4853382110596,0
"surftemp",5.93826198577881,0
"surftemp",13.6019687652588,0
"surftemp",26.5535163879395,0
"surftemp",7.82159519195557,0
"surftemp",5.8325982093811,0.000589489936828613
"surftemp",5.98258399963379,0
"surftemp",12.3751764297485,0.00451445579528809
"surftemp",13.9840717315674,0.000255882740020752
"surftemp",10.282169342041,0.00534719228744507
"surftemp",22.3180694580078,0.00428706407546997
"surftemp",10.0019664764404,0.00185203552246094
"surftemp",45,0.0012967586517334
"surftemp",16.8494567871094,0
"surftemp",7.59913921356201,0.00115352869033813
"surftemp",11.940881729126,0.0119448900222778
"surftemp",7.43914890289307,0.0336386561393738
"surftemp",11.0416374206543,0.0568470358848572
"surftemp",13.8682556152344,0.0783721804618835
"surftemp",14.1202373504639,0.0586756467819214
"surftemp",10.1107454299927,0.0486611723899841
"surftemp",9.22865104675293,0.0316078066825867
"surftemp",14.7622900009155,0.0250422358512878
"surftemp",13.7196855545044,0.00817525386810303
"surftemp",7.10105752944946,0
"surftemp",10.2374925613403,0
"surftemp",51.1002960205078,0.00176471471786499
"surftemp",10.6111583709717,0.0079992413520813
"surftemp",9.90032768249512,0.0135025978088379
"surftemp",10.9554471969604,0.0546517372131348
"surftemp",5.10122060775757,0.0427407026290894
"surftemp",15.0025281906128,0.0430325865745544
"surftemp",12.2691898345947,0
"surftemp",9.58256912231445,0
"surftemp",10.2353553771973,0
"surftemp",30.5517597198486,0.00718909502029419
"surftemp",3.93981647491455,0
"surftemp",10.3502216339111,0
"surftemp",35.8118515014648,0.0134158730506897
"surftemp",13.1316537857056,0.00860780477523804
"surftemp",11.3869590759277,0.0206536650657654
"surftemp",9.04164409637451,0.0424205660820007
"surftemp",7.18347930908203,0.0149052739143372
"surftemp",7.84153270721436,0
"surftemp",12.8988857269287,0.00330150127410889
"surftemp",6.77629470825195,0
"surftemp",15.3875131607056,0.000543773174285889
"surftemp",8.80147552490234,0
"surftemp",7.53045749664307,0
"surftemp",13.7765998840332,0.0078880786895752
"surftemp",12.4160509109497,0.0114226937294006
"surftemp",12.5053300857544,0.00155836343765259
"surftemp",11.6302642822266,0
"surftemp",11.9312400817871,0.0128637552261353
"surftemp",13.3105115890503,0
"surftemp",16.3099746704102,0
"surftemp",10.7954549789429,0
"surftemp",15.9980182647705,0
"surftemp",17.4262733459473,0
"surftemp",11.5278234481812,0
"surftemp",10.8997402191162,0
"surftemp",10.3870401382446,0.0343855619430542
"surftemp",6.68661022186279,0.0294185876846313
"surftemp",18.1060562133789,0.0572635531425476
"surftemp",20,0.0650867819786072
"surftemp",9.57041835784912,0.0555069446563721
"surftemp",6.61409187316895,0.0458760857582092
"surftemp",13.2926912307739,0.0468946695327759
"surftemp",11.0519762039185,0.0423376560211182
"surftemp",7.08590936660767,0.0287824869155884
"surftemp",7.07642602920532,0.0192771553993225
"surftemp",14.1561183929443,0.0177596807479858
"surftemp",12.2602453231812,0.00858873128890991
"surftemp",7.48200798034668,0.00488132238388062
"surftemp",25.8131732940674,0.0348551273345947
"surftemp",16.890380859375,0.0635601878166199
"surftemp",12.6348237991333,0.0615538358688354
"surftemp",51.0915832519531,0.0262143611907959
"surftemp",21.9774951934814,0.00373601913452148
"surftemp",15.9176912307739,0
"surftemp",52.3916282653809,0
"surftemp",17.7419281005859,1.82390213012695e-05
"surftemp",9.26069736480713,0.00411844253540039
"surftemp",7.1604905128479,0.00762194395065308
"surftemp",14.3098411560059,0.0213418006896973
"surftemp",22.0845165252686,0.0207034349441528
"surftemp",9.52838897705078,0
"surftemp",12.1552333831787,0.0109992027282715
"surftemp",12.3378591537476,0.000902116298675537
"surftemp",19.8743476867676,0.0337338447570801
"surftemp",10.1899061203003,0.00858497619628906
"surftemp",12.8395557403564,0.0186627507209778
"surftemp",11.4171209335327,0.00380921363830566
"surftemp",16.3993473052979,0.0206133723258972
"surftemp",16.058931350708,0.00598239898681641
"surftemp",13.852388381958,0
"surftemp",8.98511219024658,0.0121302008628845
"surftemp",102.344108581543,0
"surftemp",103.451278686523,0
"surftemp",18.8608779907227,0.0141979455947876
"surftemp",9.99483108520508,0.0203886032104492
"surftemp",6.87025117874146,0.000817298889160156
"surftemp",11.8671560287476,0
"surftemp",11.7854824066162,0
"surftemp",5.81289482116699,0.00221377611160278
"surftemp",16.7080593109131,0.00137233734130859
"surftemp",5.38999319076538,0.0274909734725952
"surftemp",12.6082162857056,0.0412622094154358
"surftemp",13.8190975189209,0.044881284236908
"surftemp",15.4636135101318,0.0404450297355652
"surftemp",17.0144462585449,0.0346301198005676
"surftemp",7.3226900100708,0.0288998484611511
"surftemp",12.7362203598022,0.0343426465988159
"surftemp",9.75102233886719,0.0205999612808228
"surftemp",4.44521999359131,0.0102278590202332
"surftemp",13.6452417373657,0.0157961845397949
"surftemp",8.37033462524414,0.0110208988189697
"surftemp",14.6730737686157,0.0393771529197693
"surftemp",10.6939649581909,0.0231267809867859
"surftemp",11.0054492950439,0.0309049487113953
"surftemp",7.83325529098511,0.00310790538787842
"surftemp",15.8419075012207,0
"surftemp",14.1635904312134,0.0198092460632324
"surftemp",8.25791835784912,0.00312167406082153
"surftemp",7.39257287979126,0.00125348567962646
"surftemp",10.3303031921387,0.0045551061630249
"surftemp",15.0926189422607,0.00737780332565308
"surftemp",10.3743934631348,0
"surftemp",8.26999282836914,0
"surftemp",9.39797115325928,0.014899730682373
"surftemp",22.7673301696777,0.00592595338821411
"surftemp",13.1430196762085,0.00202333927154541
"surftemp",9.38752841949463,0
"surftemp",8.45600032806396,0.0149783492088318
"surftemp",11.5246696472168,0.00943100452423096
"surftemp",13.0594434738159,0
"surftemp",34.4982299804688,0
"surftemp",6.03913736343384,0.00799155235290527
"surftemp",11.7770366668701,0.0118851661682129
"surftemp",12.0499258041382,0
"surftemp",9.29238414764404,0.00937432050704956
"surftemp",17.6244945526123,0.00242698192596436
"surftemp",24.075174331665,0.0025104284286499
"surftemp",7.1932110786438,0.00591647624969482
"surftemp",39,0.011786162853241
"surftemp",26.5601692199707,0.00155138969421387
"surftemp",106.817276000977,0
"surftemp",95.8839416503906,0.00325518846511841
"surftemp",9.33241844177246,0
"surftemp",14.4083461761475,0.0389667749404907
"surftemp",10.4089097976685,0.0257559418678284
"surftemp",8.66356563568115,0.0219810009002686
"surftemp",8.73013877868652,0.0274202227592468
"surftemp",11.8096113204956,0.0301068425178528
"surftemp",10.410813331604,0.0244606733322144
"surftemp",14.3361148834229,0.0420070886611938
"surftemp",10.0158596038818,0.037905752658844
"surftemp",7.12210941314697,0.0254047513008118
"surftemp",13.1879558563232,0.0291193723678589
"surftemp",9.20853710174561,0.0169174671173096
"surftemp",4.87309885025024,0.0118978023529053
"surftemp",11.3010053634644,0.0248892307281494
"surftemp",7.63602733612061,0.0522724986076355
"surftemp",12,0.0540484189987183
"surftemp",21.3017902374268,0.0540169477462769
"surftemp",36.5178489685059,0
"surftemp",9.28066539764404,0
"surftemp",50.4834518432617,0
"surftemp",28.0187950134277,0.00426727533340454
"surftemp",6.81737279891968,0.0026392936706543
"surftemp",10.896505355835,0.012701690196991
"surftemp",8.22618675231934,0.0406210422515869
"surftemp",16.1244316101074,0.0460343360900879
"surftemp",13.69846534729,0.00991767644882202
"surftemp",12.8239631652832,0.0204814672470093
"surftemp",7.79291725158691,0.00314080715179443
"surftemp",11.645583152771,0
"surftemp",11.9948358535767,0.000293850898742676
"surftemp",18.0063610076904,0.00915825366973877
"surftemp",11.5784721374512,0.00305736064910889
"surftemp",10.5033473968506,0.00331252813339233
"surftemp",19.5405254364014,0.0215361714363098
"surftemp",12.383810043335,0.0246441960334778
"surftemp",8.45438289642334,0.0246431231498718
"surftemp",9.29383087158203,0.0181840062141418
"surftemp",9.89617252349854,0.00421440601348877
"surftemp",8.4620189666748,0.0115945935249329
"surftemp",14.7074069976807,0.0370031595230103
"surftemp",8.61071586608887,0.0372325778007507
"surftemp",9.67031574249268,0.0342398285865784
"surftemp",8.99621391296387,0
"surftemp",11.557861328125,0
"surftemp",32.3102493286133,0
"surftemp",4.18719387054443,0.00854617357254028
"surftemp",7.66844415664673,0.0220178365707397
"surftemp",6.69607925415039,0.00597089529037476
"surftemp",10.4740381240845,0.0018189549446106
"surftemp",12.7340860366821,0.000778436660766602
"surftemp",5.83574485778809,0
"surftemp",12.052529335022,0.0119102597236633
"surftemp",8.67342567443848,0.000356316566467285
"surftemp",12.9540853500366,0.00681889057159424
"surftemp",4.35493755340576,0
"surftemp",11.6277875900269,0.00638967752456665
"surftemp",9.28258228302002,0
"surftemp",6.94140911102295,0
"surftemp",9.40056324005127,0
"surftemp",100.674690246582,0
"surftemp",10.9205369949341,0.00253629684448242
"surftemp",3.27705430984497,0.00650978088378906
"surftemp",14.6306104660034,0.0266085863113403
"surftemp",21.5058631896973,0.023969292640686
"surftemp",8.3010139465332,0.0189407467842102
"surftemp",9.69963359832764,0.0213773250579834
"surftemp",11.8211097717285,0.00701570510864258
"surftemp",8.40243625640869,0
"surftemp",13.523962020874,0.0183948278427124
"surftemp",5.92200469970703,0.0510743260383606
"surftemp",9.53920936584473,0.109959244728088
"surftemp",5.6535964012146,0.085755467414856
"surftemp",10.6259908676147,0.0677748918533325
"surftemp",6.58170604705811,0
"surftemp",9.93920803070068,0.000556588172912598
"surftemp",13.0141162872314,0.00403249263763428
"surftemp",13.0977010726929,0.0102985501289368
"surftemp",11.1986227035522,0.0214465856552124
"surftemp",17.0557155609131,0.0174382328987122
"surftemp",16.4540195465088,0.000579416751861572
"surftemp",11.7361526489258,0
"surftemp",87.044303894043,0
"surftemp",12.6157522201538,0.0125933885574341
"surftemp",76.1923675537109,0
"surftemp",4.69446706771851,0.0127782821655273
"surftemp",10.5346670150757,0
"surftemp",7.75386476516724,0.0092545747756958
"surftemp",10.3412446975708,0.00224411487579346
"surftemp",8.894287109375,0.0103521943092346
"surftemp",18.1491851806641,0
"surftemp",29.4580631256104,0
"surftemp",11.538537979126,0.0136634707450867
"surftemp",94.8799819946289,0.022052526473999
"surftemp",4.76941871643066,0.00894993543624878
"surftemp",6.53803300857544,0.00652420520782471
"surftemp",19.3693065643311,0.044171929359436
"surftemp",7.4139928817749,0.019336998462677
"surftemp",33.0888214111328,0.0216049551963806
"surftemp",10.1687107086182,0
"surftemp",16.4799938201904,0.0385587811470032
"surftemp",11.4702491760254,0.0999204516410828
"surftemp",17.1234607696533,0.164759337902069
"surftemp",11.125825881958,0.128585278987885
"surftemp",5.80032253265381,0.103722870349884
"surftemp",12.350302696228,0.123191952705383
"surftemp",5.22494459152222,0.0859039425849915
"surftemp",91.0225448608398,0.0128194093704224
"surftemp",16.636869430542,0.000312745571136475
"surftemp",11.0122852325439,0.00202333927154541
"surftemp",10.5894174575806,0.0216137170791626
"surftemp",8.55097579956055,0
"surftemp",12.6963911056519,0
"surftemp",14.9016380310059,0
"surftemp",10.884298324585,0
"surftemp",7.21532583236694,0
"surftemp",7.64382648468018,0
"surftemp",11.2926034927368,0
"surftemp",16.3302364349365,0.0315819382667542
"surftemp",14.3778009414673,0.00679928064346313
"surftemp",80.6594543457031,0.00668084621429443
"surftemp",6.89856576919556,0.0643991827964783
"surftemp",8.78968906402588,0.0740495920181274
"surftemp",8.64986610412598,0.0841950178146362
"surftemp",8.49168109893799,0.0657508373260498
"surftemp",11.2325534820557,0.0888628363609314
"surftemp",11.6733055114746,0.0928652882575989
"surftemp",8.40352344512939,0.0034182071685791
"surftemp",31.8514766693115,0.0624715685844421
"surftemp",13.8836135864258,0.0513026118278503
"surftemp",9.89640045166016,0.08988356590271
"surftemp",21.7241535186768,0.129133105278015
"surftemp",12.4925270080566,0.140837728977203
"surftemp",12.5578804016113,0.130610823631287
"surftemp",17.2444763183594,0.11276388168335
"surftemp",10.298300743103,0.131328642368317
"surftemp",12.3339042663574,0.101254642009735
"surftemp",14.164267539978,0.000864923000335693
"surftemp",25.1614513397217,0.00132089853286743
"surftemp",8.44209480285645,0.00224196910858154
"surftemp",13.3065910339355,0.00398671627044678
"surftemp",10.0716972351074,0
"surftemp",15.268424987793,0
"surftemp",19.1176147460938,0
"surftemp",15.8367519378662,0
"surftemp",10.3075456619263,0.0168084502220154
"surftemp",10.2397546768188,0
"surftemp",12.7078371047974,0
"surftemp",9.00871562957764,0.0196992158889771
"surftemp",5.47022294998169,0.0151024460792542
"surftemp",6.91832304000854,0.00598365068435669
"surftemp",7.49562358856201,0.00651258230209351
"surftemp",8.31861686706543,0.00297248363494873
"surftemp",10.6882801055908,0.00173306465148926
"surftemp",10.765944480896,0.00109070539474487
"surftemp",15.6538457870483,0.116421937942505
"surftemp",34.1756782531738,0.135947287082672
"surftemp",8.55739212036133,0.0127754211425781
"surftemp",6.33237266540527,0.00321400165557861
"surftemp",21.8810291290283,0.0228795409202576
"surftemp",14.0956315994263,0.117865025997162
"surftemp",16.6182270050049,0.105729699134827
"surftemp",7.55229711532593,0.139033019542694
"surftemp",47.1398811340332,0.000622451305389404
"surftemp",12.4423198699951,0
"surftemp",19.213809967041,0.00204938650131226
"surftemp",14.1956644058228,0
"surftemp",17.3879222869873,0
"surftemp",11.4129581451416,0.0535499453544617
"surftemp",16.8498439788818,0.000777244567871094
"surftemp",16.7696113586426,0.0120962858200073
"surftemp",8.03730773925781,0.00227916240692139
"surftemp",22.3023834228516,0.00946319103240967
"surftemp",8.62953567504883,0.00923603773117065
"surftemp",215.953338623047,0
"surftemp",7.71510982513428,0.00291788578033447
"surftemp",6.07338047027588,0.00680792331695557
"surftemp",32.0655517578125,0.00928044319152832
"surftemp",11.7115049362183,0.00481581687927246
"surftemp",13.5296859741211,0.00106662511825562
"surftemp",13.3042602539062,0
"surftemp",10.1239976882935,0.00248795747756958
"surftemp",9.03871917724609,0.00125765800476074
"surftemp",25.0972175598145,0.00146502256393433
"surftemp",18.4526462554932,0.00743257999420166
"surftemp",10.7724256515503,0.0394777059555054
"surftemp",6.63681316375732,0.0153264403343201
"surftemp",11.1694746017456,0.0175178647041321
"surftemp",12.5442085266113,0.0231456160545349
"surftemp",10.8091115951538,0.000714361667633057
"surftemp",8.15396881103516,0
"surftemp",5.20438194274902,0
"surftemp",8.28224754333496,0
"surftemp",12.5183305740356,0
"surftemp",10.1259059906006,0
"surftemp",7.16878461837769,0
"surftemp",12.2988739013672,0.00686335563659668
"surftemp",8.00924301147461,0.00732719898223877
"surftemp",3.82015991210938,0.0193772912025452
"surftemp",8.54560470581055,0.00874453783035278
"surftemp",16.2021751403809,0.00631135702133179
"surftemp",27.0029487609863,0.00454437732696533
"surftemp",12.1664838790894,0.0444678664207458
"surftemp",14.3101425170898,0.0136925578117371
"surftemp",16.8011016845703,0.0476506352424622
"surftemp",13.2287540435791,0.0253185629844666
"surftemp",13.3577184677124,0.0253379344940186
"surftemp",10.2128982543945,0.00192230939865112
"surftemp",8.08097839355469,0
"surftemp",7.13268995285034,0.0125859975814819
"surftemp",14.6863498687744,0.000188291072845459
"surftemp",9.09154987335205,0
"surftemp",11.8039493560791,0
"surftemp",12.4349718093872,0
"surftemp",9.54952144622803,0
"surftemp",11.9371643066406,0
"surftemp",12.2783460617065,0
"surftemp",15.1703214645386,0.000266671180725098
"surftemp",18.5625038146973,0.00108391046524048
"surftemp",13.5766611099243,0.00458729267120361
"surftemp",6.38277387619019,0
"surftemp",13.6156997680664,0.0305056571960449
"surftemp",4.8153247833252,0.0563845038414001
"surftemp",12.1560716629028,0.0210660696029663
"surftemp",9.99407863616943,0.0172340273857117
"surftemp",9.70814037322998,0.0163719654083252
"surftemp",12.2977771759033,0.0513059496879578
"surftemp",38.8461875915527,0
"surftemp",15.1184577941895,0
"surftemp",12.2076053619385,0.00181877613067627
"surftemp",13.8301420211792,0
"surftemp",13.0400056838989,0
"surftemp",11.7135152816772,0
"surftemp",15.5111284255981,0
"surftemp",7.02360057830811,0
"surftemp",13.5820846557617,0
"surftemp",12.8267498016357,0
"surftemp",15.5266551971436,0
"surftemp",15.0576410293579,0.00987529754638672
"surftemp",5.04980182647705,0.00809550285339355
"surftemp",26.7393398284912,0
"surftemp",6.41382598876953,0
"surftemp",11.6085052490234,0
"surftemp",7.30637550354004,0.00614386796951294
"surftemp",12.617636680603,0.023270845413208
"surftemp",12.3754329681396,0.0188755393028259
"surftemp",13.9554309844971,0.0260844826698303
"surftemp",8.30418682098389,0.011526882648468
"surftemp",13.0566186904907,0
"surftemp",12.8427391052246,0
"surftemp",5.6739182472229,0
"surftemp",11.1110696792603,0
"surftemp",9.88763046264648,0
"surftemp",14.326717376709,0
"surftemp",5.54764986038208,0
"surftemp",12.1322221755981,0.00156635046005249
"surftemp",6.09793186187744,0
"surftemp",13.4755887985229,0
"surftemp",8.58567237854004,0.0036550760269165
"surftemp",10.3865528106689,0
"surftemp",4.81845664978027,0.00607699155807495
"surftemp",4.79439067840576,0.00199949741363525
"surftemp",22.0678806304932,0.148532629013062
"surftemp",16.8813076019287,0.0802817344665527
"surftemp",11.0044078826904,0.00896435976028442
"surftemp",16.8825931549072,0.00570601224899292
"surftemp",4.34829664230347,0.0194755792617798
"surftemp",43.3534355163574,0.00403779745101929
"surftemp",15.0638341903687,0
"surftemp",10.7917575836182,0.00177329778671265
"surftemp",31.9251441955566,0
"surftemp",9.84408760070801,0
"surftemp",5.04623937606812,0
"surftemp",5.9501519203186,0
"surftemp",15.4168033599854,0
"surftemp",15.1436567306519,0
"surftemp",10.4150047302246,0
"surftemp",7.00880336761475,0
"surftemp",6.540198802948,0
"surftemp",6.55306577682495,0.000545203685760498
"surftemp",13.0018138885498,0.00191879272460938
"surftemp",7.028968334198,0.00333160161972046
"surftemp",7.42469692230225,0.0151857733726501
"surftemp",14.5927486419678,0.00817114114761353
"surftemp",6.14340543746948,0
"surftemp",5.59012460708618,0
"surftemp",10.6913223266602,0.0318145155906677
"surftemp",15.8824119567871,0.00966727733612061
"surftemp",16.2918567657471,0
"surftemp",14.201735496521,0.0114034414291382
"surftemp",4.42542314529419,0.00119531154632568
"surftemp",10.8963823318481,0.000403761863708496
"surftemp",8.2024450302124,0.00494813919067383
"surftemp",10.3641920089722,0
"surftemp",12.0628776550293,0
"surftemp",17.6312503814697,0.00578540563583374
"surftemp",12.3594522476196,0.000886738300323486
"surftemp",9.61416625976562,0
"surftemp",8.284836769104,0
"surftemp",16.8567581176758,0
"surftemp",11.824821472168,0.00125843286514282
"surftemp",8.90261077880859,0.00857412815093994
"surftemp",20.1717548370361,0.056466281414032
"surftemp",11.9547834396362,0
"surftemp",8.87808513641357,0.0153746604919434
"surftemp",12.1271286010742,0
"surftemp",12.3515043258667,0
"surftemp",9.66537189483643,0
"surftemp",13.850905418396,0.00805175304412842
"surftemp",35.2156143188477,0.0757542252540588
"surftemp",9.9533166885376,0.00672787427902222
"surftemp",10.6296911239624,0.00698912143707275
"surftemp",14.9759740829468,0.00303220748901367
"surftemp",16.8447685241699,0.00141668319702148
"surftemp",14.4083824157715,0.000240802764892578
"surftemp",9.14456272125244,0
"surftemp",8.23870944976807,0
"surftemp",6.40408515930176,0
"surftemp",14.6672077178955,0.107162237167358
"surftemp",4.97378492355347,0.0432624816894531
"surftemp",16.0209445953369,0.00163155794143677
"surftemp",14.1333065032959,0.0026099681854248
"surftemp",42.2678680419922,0.00324231386184692
"surftemp",10.9723796844482,0.0145348310470581
"surftemp",11.1060085296631,0.0103880167007446
"surftemp",13.4720458984375,0.0010378360748291
"surftemp",10.4188947677612,0
"surftemp",12.2064065933228,0.00333350896835327
"surftemp",13.0147714614868,0
"surftemp",18.4097766876221,0.0452631115913391
"surftemp",12.2599334716797,0.000794112682342529
"surftemp",12.2149028778076,0.00739830732345581
"surftemp",7.64063787460327,0
"surftemp",28.4161396026611,0.0800257921218872
"surftemp",10.560564994812,0
"surftemp",9.18113327026367,0.0312955379486084
"surftemp",9.32056999206543,0.0185124278068542
"surftemp",10.1323375701904,0.0190547108650208
"surftemp",13.5094451904297,0.0088011622428894
"surftemp",13.5226049423218,0.00359022617340088
"surftemp",16.3257865905762,0.00153297185897827
"surftemp",13.9088468551636,0
"surftemp",13.0380001068115,0
"surftemp",13.5432357788086,0
"surftemp",13.5132398605347,0
"surftemp",3.10583019256592,0.0180482864379883
"surftemp",9.51880645751953,0.00925946235656738
"surftemp",8.90396118164062,0.0485646724700928
"surftemp",13.5274562835693,0.00674176216125488
"surftemp",13.2925243377686,0.0274171829223633
"surftemp",9.70820713043213,0.0210365653038025
"surftemp",18.7798118591309,0.00581574440002441
"surftemp",7.27448034286499,0.00380992889404297
"surftemp",10.7910766601562,0
"surftemp",9.25564289093018,0
"surftemp",7.50324487686157,0
"surftemp",12.1703577041626,0.0103407502174377
"surftemp",7.54431915283203,0.0161421895027161
"surftemp",8.32757186889648,0.0786117911338806
"surftemp",10.2179222106934,0.0442314743995667
"surftemp",9.23757362365723,0.0276901721954346
"surftemp",6.92034673690796,0.00396043062210083
"surftemp",14.3966283798218,0.0118879079818726
"surftemp",11.8353815078735,0.00412392616271973
"surftemp",12.4050273895264,0.00415581464767456
"surftemp",10.7869606018066,0.0129218697547913
"surftemp",18.9218292236328,0.0607662200927734
"surftemp",7.54974174499512,0.00676161050796509
"surftemp",19.0615081787109,0
"surftemp",11.1188545227051,0.0160331130027771
"surftemp",9.49005699157715,0.00276994705200195
"surftemp",9.75010871887207,0
"surftemp",8.26525688171387,0.018308699131012
"surftemp",17.027286529541,0.00438445806503296
"surftemp",8.60542583465576,0.00178200006484985
"surftemp",8.84858703613281,0.00349682569503784
"surftemp",10.9791793823242,0
"surftemp",11.7509422302246,0
"surftemp",10.7194318771362,0
"surftemp",12.9075593948364,0.00022655725479126
"surftemp",8.68004989624023,0
"surftemp",97.8910293579102,0
"surftemp",14.2051830291748,0.00544661283493042
"surftemp",28.6323947906494,0.0189541578292847
"surftemp",11.5018272399902,0.00684016942977905
"surftemp",7.10851621627808,0.0016326904296875
"surftemp",9.44204139709473,0.00087660551071167
"surftemp",13.6836185455322,0.00995612144470215
"surftemp",8.35491180419922,0
"surftemp",12.5300378799438,0.0118775963783264
"surftemp",4.92539310455322,0.1072878241539
"surftemp",3.25283551216125,0.173020780086517
"surftemp",4.44610452651978,0.0969957709312439
"surftemp",10.5428237915039,0
"surftemp",12.7217445373535,0
"surftemp",14.3691940307617,0.00814813375473022
"surftemp",20.3384704589844,0.000134646892547607
"surftemp",14.1670722961426,3.79681587219238e-05
"surftemp",9.57040882110596,0.00223267078399658
"surftemp",18.3199977874756,0.00413846969604492
"surftemp",17.7756958007812,0.00347578525543213
"surftemp",13.1637048721313,0.00333631038665771
"surftemp",8.13740825653076,0.000220358371734619
"surftemp",34.1320762634277,0.00457870960235596
"surftemp",14.9282369613647,0
"surftemp",6.43724679946899,0.00720864534378052
"surftemp",5.39772701263428,0.00962150096893311
"surftemp",10.9613018035889,0.0184914469718933
"surftemp",11.8570928573608,0.0169885754585266
"surftemp",5.87663125991821,0.000135958194732666
"surftemp",4.45581102371216,0.150947749614716
"surftemp",4.11904001235962,0.109961986541748
"surftemp",69.0991058349609,0.00448161363601685
"surftemp",17.6108589172363,0.0107568502426147
"surftemp",14.3480043411255,0.00720572471618652
"surftemp",13.4092798233032,0.000376522541046143
"surftemp",17.736946105957,0.0133909583091736
"surftemp",11.9514932632446,0.034855842590332
"surftemp",12.5159635543823,0.0365713834762573
"surftemp",15.232494354248,0.00499463081359863
"surftemp",21.3669281005859,0
"surftemp",10.14564037323,0.00437146425247192
"surftemp",45.2625846862793,0.0377036929130554
"surftemp",11.2953605651855,0.00306218862533569
"surftemp",6.89002704620361,0
"surftemp",9.26374340057373,0
"surftemp",9.85139560699463,0
"surftemp",7.91789674758911,0.00087273120880127
"surftemp",8.82283687591553,0.007781982421875
"surftemp",9.31204128265381,0.01230388879776
"surftemp",11.1109323501587,0.0173557996749878
"surftemp",11.022780418396,0.0256635546684265
"surftemp",6.51592493057251,0.0167328119277954
"surftemp",5.29048490524292,0.0122461915016174
"surftemp",26.1719608306885,0
"surftemp",3.90355682373047,0.0377271771430969
"surftemp",7.17505836486816,0.0771499872207642
"surftemp",5.08745956420898,0.0996056795120239
"surftemp",4.88878536224365,0.024270236492157
"surftemp",26.0664596557617,0
"surftemp",9.48507785797119,0
"surftemp",17.7845249176025,0.0380489230155945
"surftemp",17.2259864807129,0.0416346788406372
"surftemp",13.2759695053101,0.00183695554733276
"surftemp",17.798002243042,0.00653308629989624
"surftemp",7.14635038375854,0.00422346591949463
"surftemp",6.3343186378479,0.000214815139770508
"surftemp",8.40469932556152,0
"surftemp",13.8591184616089,0
"surftemp",8.95350360870361,0
"surftemp",13.2656993865967,0
"surftemp",13.8679008483887,0
"surftemp",10.3653697967529,0.0025705099105835
"surftemp",13.4642286300659,0
"surftemp",7.62195348739624,0.00479280948638916
"surftemp",11.797082901001,0.00548666715621948
"surftemp",7.12445688247681,0.0139606595039368
"surftemp",15.8013534545898,0.0109146237373352
"surftemp",20.288236618042,0.0131087303161621
"surftemp",11.5981721878052,0
"surftemp",7.08936500549316,0.0175860524177551
"surftemp",8.8306360244751,0.000518321990966797
"surftemp",7.55875539779663,0.0118707418441772
"surftemp",12.1684837341309,0.0108631253242493
"surftemp",9.73792743682861,0.00209516286849976
"surftemp",13.7289667129517,0.00644904375076294
"surftemp",13.1404504776001,0.00276243686676025
"surftemp",10.9349737167358,0.0121721029281616
"surftemp",11.1718883514404,0.0321388840675354
"surftemp",8.88504600524902,1.50799751281738e-05
"surftemp",14.4935894012451,0
"surftemp",14.7634115219116,0
"surftemp",11.5947141647339,0
"surftemp",16.7436790466309,0
"surftemp",5.01295804977417,0
"surftemp",16.7209739685059,0
"surftemp",13.1678638458252,0
"surftemp",11.5141878128052,0
"surftemp",17.5032215118408,0
"surftemp",18.3249664306641,0.000400543212890625
"surftemp",16.2267417907715,0.00964844226837158
"surftemp",8.11086654663086,0.0126495361328125
"surftemp",30,0.00304687023162842
"surftemp",7.70057010650635,0.00991034507751465
"surftemp",30.2317657470703,0.000989437103271484
"surftemp",15.2242574691772,0.00566273927688599
"surftemp",79.5053329467773,0
"surftemp",97.2618255615234,0
"surftemp",26.7538986206055,0
"surftemp",83,0
"surftemp",5.38889932632446,0.033341109752655
"surftemp",4.46960020065308,0.0336313843727112
"surftemp",17.6185531616211,0
"surftemp",21.1716766357422,0
"surftemp",9.29534435272217,0
"surftemp",13.9505863189697,0.000850021839141846
"surftemp",5.01372766494751,0
"surftemp",14.3690128326416,0.0136684775352478
"surftemp",14.0040435791016,0.0115125775337219
"surftemp",25.048755645752,0.00264531373977661
"surftemp",15.0858211517334,0.014761209487915
"surftemp",14.1198902130127,0.00656378269195557
"surftemp",10.9130382537842,0.011033833026886
"surftemp",12.1910429000854,0.00157111883163452
"surftemp",13.2620306015015,0.00272107124328613
"surftemp",8.77157497406006,0
"surftemp",11.0721464157104,0
"surftemp",8.48814392089844,0
"surftemp",11.0007829666138,0
"surftemp",9.52167415618896,0
"surftemp",13.6439981460571,0
"surftemp",12.9669160842896,0
"surftemp",10.5922527313232,0
"surftemp",19.2429656982422,0
"surftemp",10.8111162185669,0
"surftemp",11.1373815536499,0
"surftemp",34.1756782531738,0
"surftemp",10.7538547515869,0
"surftemp",13.2552785873413,0
"surftemp",10.2810659408569,0.00520408153533936
"surftemp",13.3677015304565,0.0158669352531433
"surftemp",32.4386901855469,0.0179568529129028
"surftemp",17.8724575042725,0.00904107093811035
"surftemp",15.1296224594116,0.00907689332962036
"surftemp",70.9161605834961,0.00315707921981812
"surftemp",97.2499694824219,0
"surftemp",11.0496425628662,0
"surftemp",4.2288556098938,0
"surftemp",5.01415109634399,0
"surftemp",11.5502424240112,0
"surftemp",3.815096616745,0.0541133880615234
"surftemp",4.26128005981445,0.0462316274642944
"surftemp",8.47450923919678,0
"surftemp",43.0256690979004,0.0062558650970459
"surftemp",10.0225992202759,0
"surftemp",16.8597564697266,0.0150388479232788
"surftemp",11.1924247741699,0
"surftemp",8.76952266693115,0.00538533926010132
"surftemp",6.39105701446533,0.0103526711463928
"surftemp",12.1950883865356,0.0030856728553772
"surftemp",13.7067594528198,0.00597250461578369
"surftemp",12.9214658737183,0.00817316770553589
"surftemp",18.5764694213867,0.00513988733291626
"surftemp",12.6825895309448,0.00934797525405884
"surftemp",14.0205192565918,0.00612062215805054
"surftemp",13.9621429443359,0.00488018989562988
"surftemp",7.95815420150757,0.0054248571395874
"surftemp",10.145115852356,0.00395774841308594
"surftemp",9.71152210235596,0.00364166498184204
"surftemp",9.10508155822754,0.00726413726806641
"surftemp",7.89397859573364,0.00146317481994629
"surftemp",10.5256576538086,0
"surftemp",7.48371267318726,0
"surftemp",12.9122047424316,0
"surftemp",4.67592430114746,0
"surftemp",11.5823593139648,0
"surftemp",12.2681789398193,0
"surftemp",43.6201019287109,0.0076720118522644
"surftemp",16.5666084289551,0.0352057218551636
"surftemp",28.6685695648193,0.0250608325004578
"surftemp",7.04363489151001,0.0177244544029236
"surftemp",62.5959129333496,0.0174499750137329
"surftemp",13.0388860702515,0.00902193784713745
"surftemp",6.42245817184448,0.0314719080924988
"surftemp",4.26533651351929,0.0033385157585144
"surftemp",2.47666668891907,0.249589323997498
"surftemp",14.6019954681396,0.0162168145179749
"surftemp",6.60721015930176,0
"surftemp",25.1061000823975,0
"surftemp",13.8890266418457,0.000825166702270508
"surftemp",9.84190654754639,0.000423192977905273
"surftemp",9.58283615112305,0.00295817852020264
"surftemp",5.10682535171509,0
"surftemp",10.147798538208,0.0019843578338623
"surftemp",16.345588684082,0.00236934423446655
"surftemp",10.3450946807861,0.000164151191711426
"surftemp",6.90501976013184,0.0184086561203003
"surftemp",5.10466718673706,0
"surftemp",14.1619071960449,0.00413703918457031
"surftemp",98.2694778442383,0.018329381942749
"surftemp",10.9585199356079,0
"surftemp",7.56730508804321,0
"surftemp",14.0486459732056,0.00361788272857666
"surftemp",13.5345849990845,0.0090976357460022
"surftemp",47.6663208007812,0.0683624744415283
"surftemp",100.674690246582,0.0708844661712646
"surftemp",7.77872943878174,0.0227072834968567
"surftemp",11.6345853805542,0.00766873359680176
"surftemp",16.286449432373,0.00485104322433472
"surftemp",9.25998210906982,0.000588357448577881
"surftemp",13.3721294403076,0.000997662544250488
"surftemp",13.1803064346313,0.00110840797424316
"surftemp",9.16419792175293,0
"surftemp",7.90584516525269,0
"surftemp",11.2416114807129,0
"surftemp",9.41429328918457,0.00307273864746094
"surftemp",14.0112972259521,0.00625485181808472
"surftemp",8.98484134674072,0.00225615501403809
"surftemp",5.85152864456177,0
"surftemp",48.3244819641113,0.0128805041313171
"surftemp",4.86013221740723,0.025743842124939
"surftemp",4.64511013031006,0.0287594795227051
"surftemp",60.2385940551758,0.0245320796966553
"surftemp",12.4026336669922,0.0243468880653381
"surftemp",9.55388927459717,0.0284519791603088
"surftemp",5.46175479888916,0.0138879418373108
"surftemp",3.81860136985779,0.00434792041778564
"surftemp",6.17884397506714,0.0212262272834778
"surftemp",4.81761503219604,0.0160413384437561
"surftemp",4.15144824981689,0.0166016221046448
"surftemp",9.97419548034668,0
"surftemp",9.26872730255127,0
"surftemp",19.736930847168,0.0166958570480347
"surftemp",11.9456424713135,0.00683128833770752
"surftemp",11.3351068496704,0.0189271569252014
"surftemp",98.8808975219727,0.0323507189750671
"surftemp",78.1685180664062,0.00871622562408447
"surftemp",10.0489902496338,0
"surftemp",10.1248664855957,0
"surftemp",70.5796966552734,0
"surftemp",54.3843574523926,0
"surftemp",7.4463791847229,0
"surftemp",6.2262396812439,0
"surftemp",12.7930316925049,0
"surftemp",8.22166442871094,0.00455695390701294
"surftemp",9.88663768768311,0.0109166502952576
"surftemp",11.4352645874023,0.0127354860305786
"surftemp",9.46281909942627,0.00810503959655762
"surftemp",27.5679473876953,0.0054938793182373
"surftemp",12.8748817443848,0.0214468836784363
"surftemp",15.8549299240112,0.0136780142784119
"surftemp",13.0041780471802,0.000255584716796875
"surftemp",12.4161777496338,0.00201660394668579
"surftemp",46.0574378967285,0.0523660182952881
"surftemp",10.9785814285278,0.0146578550338745
"surftemp",7.00912761688232,0.00286775827407837
"surftemp",12.795539855957,0.0030638575553894
"surftemp",12.6165618896484,0.00443786382675171
"surftemp",11.9847402572632,0.00530129671096802
"surftemp",19.1129531860352,0.00380700826644897
"surftemp",11.1917133331299,0
"surftemp",10.9268922805786,0
"surftemp",39.6091117858887,0
"surftemp",16.9512748718262,0.00214743614196777
"surftemp",71.7670440673828,0
"surftemp",70.0615234375,0.00445127487182617
"surftemp",14.8095693588257,0.0158147215843201
"surftemp",13.0439939498901,0.000184178352355957
"surftemp",11.7383575439453,0
"surftemp",11.211386680603,0.0311155915260315
"surftemp",4.53074741363525,0.0597553849220276
"surftemp",13.2714214324951,0.106518089771271
"surftemp",9.0568904876709,0.108661770820618
"surftemp",5.87086009979248,0.0457160472869873
"surftemp",4.29004335403442,0.0110362768173218
"surftemp",26.0358467102051,0.0555819869041443
"surftemp",12.5307140350342,0
"surftemp",15.1530017852783,0
"surftemp",8.7166223526001,0.0207618474960327
"surftemp",11.562952041626,0
"surftemp",10.4687061309814,0
"surftemp",9.98469161987305,0.0285151600837708
"surftemp",10.5137062072754,0.00692856311798096
"surftemp",12.2188262939453,0.0125520825386047
"surftemp",8.5585241317749,0
"surftemp",7.89398860931396,0.0142199993133545
"surftemp",14.3696393966675,0.0084536075592041
"surftemp",15.7152757644653,0.0212345719337463
"surftemp",17.0401878356934,0.0178552865982056
"surftemp",22.8800048828125,0.00449675321578979
"surftemp",18.8276290893555,0.00090336799621582
"surftemp",7.31770133972168,0.00526171922683716
"surftemp",15.1365585327148,0.00616413354873657
"surftemp",11.6448287963867,0.000461935997009277
"surftemp",7.0746865272522,0
"surftemp",8.36357021331787,0.0145614743232727
"surftemp",7.61019420623779,0.00787448883056641
"surftemp",10.901927947998,0.000248908996582031
"surftemp",7.24455308914185,0.00232201814651489
"surftemp",12.3188400268555,0.00586992502212524
"surftemp",15.7823781967163,0.0131913423538208
"surftemp",13.3783321380615,0.0124325752258301
"surftemp",9.87963962554932,0.0118937492370605
"surftemp",5.61508417129517,0.0058748722076416
"surftemp",11.8123178482056,0.00468325614929199
"surftemp",8.23589038848877,0.00137597322463989
"surftemp",12.143744468689,0
"surftemp",20.6804351806641,0
"surftemp",14.1683349609375,0
"surftemp",73.2950973510742,0
"surftemp",15.4316349029541,0
"surftemp",3.43252086639404,0.0600644946098328
"surftemp",3.70000004768372,0.179313600063324
"surftemp",30.5411891937256,0.0372947454452515
"surftemp",13.4248991012573,0.000738680362701416
"surftemp",11.8913888931274,0
"surftemp",12.0404968261719,0
"surftemp",13.4218950271606,0.0155239105224609
"surftemp",18.6917781829834,0.0128502249717712
"surftemp",10.1180438995361,0.0309130549430847
"surftemp",13.9191246032715,0.0318594574928284
"surftemp",10.3144807815552,0.0335431098937988
"surftemp",78.0976715087891,0.0286469459533691
"surftemp",12.615665435791,0.00990766286849976
"surftemp",12.4074964523315,0.0120283365249634
"surftemp",12.4747447967529,0.0134153962135315
"surftemp",13.7849702835083,0.000274538993835449
"surftemp",14.5118560791016,0.00225883722305298
"surftemp",11.9908304214478,0.00453954935073853
"surftemp",13.6885967254639,0.000675439834594727
"surftemp",5.22937345504761,0.00562041997909546
"surftemp",7.06407117843628,0.00861787796020508
"surftemp",12.3176307678223,0.00623351335525513
"surftemp",14.1356725692749,0.00939565896987915
"surftemp",12.1723384857178,0.0106908679008484
"surftemp",10.7939262390137,0.00849747657775879
"surftemp",12.8978672027588,0.00759142637252808
"surftemp",10.9798631668091,0
"surftemp",40.4224624633789,0
"surftemp",11.0160055160522,0
"surftemp",10.0945949554443,0.000881195068359375
"surftemp",13.4086599349976,0.0035400390625
"surftemp",6.09161043167114,0
"surftemp",4.2250657081604,0.0505634546279907
"surftemp",4.42412853240967,0.0652864575386047
"surftemp",6.35510110855103,0.0617671608924866
"surftemp",12.4275484085083,0
"surftemp",12.6152839660645,0.00272625684738159
"surftemp",14.8063535690308,0.0297043919563293
"surftemp",6.67478084564209,0
"surftemp",71.6249847412109,0.0181634426116943
"surftemp",10.3934497833252,0.013349711894989
"surftemp",13.8776388168335,0.02741539478302
"surftemp",9.60958194732666,0.0167834162712097
"surftemp",9.84419631958008,0.000106394290924072
"surftemp",13.2044048309326,0
"surftemp",9.21731853485107,0.0149543881416321
"surftemp",17.3744812011719,0.0923712849617004
"surftemp",21.3023681640625,0.0978679656982422
"surftemp",7.99581336975098,0.00484687089920044
"surftemp",12.2958507537842,0.00807219743728638
"surftemp",12.4689025878906,0
"surftemp",12.2149028778076,0
"surftemp",53.2875175476074,0
"surftemp",8.25360870361328,0.00358891487121582
"surftemp",10.0250234603882,0.0116098523139954
"surftemp",13.2228403091431,0
"surftemp",10.9294557571411,0.00720661878585815
"surftemp",12.5251245498657,0.0124660134315491
"surftemp",13.9742813110352,0.0215207934379578
"surftemp",5.55132436752319,0.0017470121383667
"surftemp",21.7922172546387,0.041803777217865
"surftemp",9.78493690490723,0
"surftemp",12.7635984420776,0.000407695770263672
"surftemp",12.8155546188354,0
"surftemp",428.359527587891,0.0308465957641602
"surftemp",14.0770177841187,0
"surftemp",13.231053352356,0
"surftemp",11.1415672302246,0
"surftemp",11.9550619125366,0.00475919246673584
"surftemp",14.5119667053223,0.0141617655754089
"surftemp",13.1897926330566,0.042684018611908
"surftemp",7.17909383773804,0.029967725276947
"surftemp",6.48651742935181,0.0045771598815918
"surftemp",7.31557464599609,0.0546349287033081
"surftemp",10.0707912445068,0.00240415334701538
"surftemp",8.0607213973999,0
"surftemp",11.6822147369385,0.00694668292999268
"surftemp",7.45364904403687,0
"surftemp",28.8765525817871,0.00166285037994385
"surftemp",11.9476413726807,0.00403356552124023
"surftemp",9.00837230682373,0.0171207785606384
"surftemp",14.5243558883667,0
"surftemp",19.4710845947266,0.0106464624404907
"surftemp",9.04651355743408,0.00973528623580933
"surftemp",9.15363597869873,0.0103288292884827
"surftemp",12.6995944976807,0.00946485996246338
"surftemp",17.006742477417,0.0101941823959351
"surftemp",4.38825035095215,0
"surftemp",8.07208728790283,0
"surftemp",12.5882482528687,0.0189242362976074
"surftemp",7.83260202407837,0.00201815366744995
"surftemp",14.7652359008789,0
"surftemp",12.2265520095825,0.0276846885681152
"surftemp",14.1045150756836,0.010097861289978
"surftemp",15.6801433563232,0.000322222709655762
"surftemp",11.0513277053833,0.0189160108566284
"surftemp",9.41666793823242,0.0206292271614075
"surftemp",78.4028549194336,0.0978713631629944
"surftemp",10.6996726989746,0.00169968605041504
"surftemp",12.1434564590454,0
"surftemp",8.38103675842285,0
"surftemp",8.79945468902588,0.00349235534667969
"surftemp",17.1617202758789,0.00554496049880981
"surftemp",15.2989635467529,0.0015418529510498
"surftemp",8.8115816116333,0
"surftemp",10.8008832931519,0
"surftemp",12.2279386520386,0.00433725118637085
"surftemp",27.7011222839355,0.00879156589508057
"surftemp",4.97089958190918,0.00583899021148682
"surftemp",11.5271902084351,0.00182181596755981
"surftemp",6.03013515472412,0.000528097152709961
"surftemp",16.5056476593018,0
"surftemp",10.5035600662231,0.0346311330795288
"surftemp",5.42654323577881,0
"surftemp",11.7989063262939,0
"surftemp",6.40635919570923,0.0263508558273315
"surftemp",4.39356899261475,0.00254994630813599
"surftemp",9.00339794158936,0.00661516189575195
"surftemp",8.64394187927246,0.00938767194747925
"surftemp",56.7682571411133,0.0443944334983826
"surftemp",13.0725221633911,0.023575484752655
"surftemp",20.4930572509766,0.0232875943183899
"surftemp",14.3122434616089,0.000258207321166992
"surftemp",11.4487638473511,0.00156396627426147
"surftemp",12.421368598938,0.00475984811782837
"surftemp",68.8784561157227,0.0330516695976257
"surftemp",67.2293090820312,0.0707184076309204
"surftemp",11.3520669937134,0.0949416756629944
"surftemp",5.16062784194946,0.00228798389434814
"surftemp",7.69360256195068,0
"surftemp",6.74793815612793,0
"surftemp",15.1111927032471,0.013023853302002
"surftemp",12.207820892334,0.0111029148101807
"surftemp",20.9724712371826,0.0170682072639465
"surftemp",17.8728008270264,0.0105266571044922
"surftemp",13.7305431365967,0.00752192735671997
"surftemp",9.57944011688232,0.00307655334472656
"surftemp",9.19532489776611,0.00826823711395264
"surftemp",10.4877996444702,0.0566275119781494
"surftemp",5.66324377059937,0.0210952162742615
"surftemp",8.55377101898193,0.00769615173339844
"surftemp",7.10974788665771,0
"surftemp",9.31943702697754,0.00133323669433594
"surftemp",6.567054271698,0
"surftemp",5.01746368408203,0
"surftemp",4.73773193359375,0.00399786233901978
"surftemp",4.94513940811157,0.00466948747634888
"surftemp",4.77444505691528,0.0067218542098999
"surftemp",8.08050632476807,0.013410210609436
"surftemp",6.38787984848022,0.0271558165550232
"surftemp",7.6279296875,0.0171327590942383
"surftemp",1470,0.000570714473724365
"surftemp",6.83785247802734,2.29477882385254e-05
"surftemp",4.30765628814697,0.00200128555297852
"surftemp",11.8522720336914,0
"surftemp",14.1027202606201,0
"surftemp",9.53935623168945,0.0115646123886108
"surftemp",11.3143720626831,0.0135528445243835
"surftemp",8.06554222106934,0.00254905223846436
"surftemp",6.83783006668091,0.00173330307006836
"surftemp",8.06311321258545,0.00320541858673096
"surftemp",12.9680147171021,0.0131442546844482
"surftemp",10.6451206207275,0.0154101252555847
"surftemp",8.11236667633057,0.000206232070922852
"surftemp",13.6155023574829,0.0222156643867493
"surftemp",12.2489252090454,0.00344574451446533
"surftemp",6.57632827758789,0.0315977334976196
"surftemp",20.4712085723877,0.028326690196991
"surftemp",8.10756874084473,0.000108301639556885
"surftemp",5.19828081130981,0
"surftemp",8.11180210113525,0
"surftemp",15.1155967712402,0.0182880759239197
"surftemp",12.8008785247803,0.017905056476593
"surftemp",13.2383899688721,0.0281426906585693
"surftemp",9.07792091369629,0.00915008783340454
"surftemp",16.110818862915,0.017369270324707
"surftemp",13.0269002914429,0.0153340101242065
"surftemp",9.93306541442871,0.0381350517272949
"surftemp",4.94698286056519,0.0301939845085144
"surftemp",15.739951133728,0.0430636405944824
"surftemp",12.472264289856,0.0179935097694397
"surftemp",9.74843215942383,0.0175834894180298
"surftemp",10.1391744613647,0.00520426034927368
"surftemp",5.81556797027588,0.00675076246261597
"surftemp",4.7181224822998,0
"surftemp",5.18870687484741,0
"surftemp",3.04797530174255,0.0129179358482361
"surftemp",6.78526592254639,0.0185040235519409
"surftemp",3.44207453727722,0.0116162896156311
"surftemp",4.61154985427856,0.0190378427505493
"surftemp",21.1593780517578,0.0563433766365051
"surftemp",13.9378681182861,0.0262933373451233
"surftemp",14.1474227905273,0.0116207599639893
"surftemp",20.2359409332275,0.0439763069152832
"surftemp",5.48687124252319,0.0136417746543884
"surftemp",10.684271812439,0
"surftemp",9.15342140197754,0
"surftemp",7.04795503616333,0
"surftemp",11.3414659500122,0.00284463167190552
"surftemp",21.8108348846436,0.00216317176818848
"surftemp",13.9541292190552,0.00129580497741699
"surftemp",88.7331237792969,0.000841140747070312
"surftemp",9.76377773284912,0.00483858585357666
"surftemp",10.8024606704712,0.012414276599884
"surftemp",9.32898139953613,0.00994294881820679
"surftemp",6.17127561569214,0.00929248332977295
"surftemp",7.70578241348267,0.0265527963638306
"surftemp",14.7253093719482,0
"surftemp",21.7497806549072,0.0352116227149963
"surftemp",6.85860586166382,0.00208276510238647
"surftemp",6.26330900192261,0
"surftemp",10.2042617797852,0.024436354637146
"surftemp",16.5955352783203,0.0335636734962463
"surftemp",8.82724285125732,0.0251225233078003
"surftemp",6.34454011917114,0.0431676506996155
"surftemp",12.6724166870117,0.051810085773468
"surftemp",4.20831489562988,0.0201693773269653
"surftemp",9.66323184967041,0.0248807072639465
"surftemp",5.77027702331543,0.0169021487236023
"surftemp",6.12203121185303,0.0174744129180908
"surftemp",6.01257276535034,0.0333502292633057
"surftemp",4.81141710281372,0.0479904413223267
"surftemp",22.0188026428223,0.063083291053772
"surftemp",20.5186767578125,0.0510655045509338
"surftemp",4.06345510482788,0
"surftemp",11.282151222229,0
"surftemp",12.256739616394,0.00720506906509399
"surftemp",11.9463243484497,0.00754505395889282
"surftemp",5.88992166519165,0.0139527320861816
"surftemp",8.86212348937988,0.00906860828399658
"surftemp",12.1468210220337,0
"surftemp",17.5024528503418,0
"surftemp",11.2635908126831,0
"surftemp",7.84525299072266,0
"surftemp",20.3123016357422,0
"surftemp",27.1446933746338,0.00561302900314331
"surftemp",16.4204788208008,0.00470912456512451
"surftemp",8.6582498550415,0
"surftemp",83.995849609375,0.00248450040817261
"surftemp",11.2099809646606,0.00742661952972412
"surftemp",9.32529449462891,0.0200670957565308
"surftemp",12.0207662582397,0.0247811079025269
"surftemp",14.675124168396,0
"surftemp",13.7286958694458,0
"surftemp",9.6675968170166,0
"surftemp",6.63242244720459,0.0559005737304688
"surftemp",13.1897916793823,0.025850236415863
"surftemp",8.11911106109619,0.00578898191452026
"surftemp",15.2559099197388,0.00291180610656738
"surftemp",6.45282125473022,0
"surftemp",15.7838459014893,0.0273966789245605
"surftemp",8.49862480163574,0.0505246520042419
"surftemp",16.3946170806885,0.0517999529838562
"surftemp",9.31801986694336,0.0325532555580139
"surftemp",10.1664257049561,0.0191627144813538
"surftemp",7.97229099273682,0.0101161599159241
"surftemp",5.10367012023926,0.0283928513526917
"surftemp",12.9898586273193,0.0542244911193848
"surftemp",20.2066040039062,0.0463162660598755
"surftemp",3.76325654983521,0.025734543800354
"surftemp",13.1614933013916,0.0412198305130005
"surftemp",4.13315200805664,0.0258450508117676
"surftemp",10.3545303344727,0
"surftemp",11.092903137207,0
"surftemp",8.01626586914062,0
"surftemp",14.7456703186035,0.00833988189697266
"surftemp",16.7096519470215,0.00865298509597778
"surftemp",14.8428888320923,0.00623279809951782
"surftemp",15.4057140350342,0.00302499532699585
"surftemp",13.3418092727661,0.00754362344741821
"surftemp",22.4176120758057,0.000474810600280762
"surftemp",11.2012424468994,0
"surftemp",15.725944519043,0.00834387540817261
"surftemp",18.913969039917,0.0174969434738159
"surftemp",9.96774959564209,0
"surftemp",13.0829381942749,0
"surftemp",11.8917560577393,0.00177490711212158
"surftemp",13.2853212356567,0.00986528396606445
"surftemp",7.56920385360718,0.0076715350151062
"surftemp",6.11666488647461,0.00482684373855591
"surftemp",5.36681795120239,0.00267553329467773
"surftemp",16.4777374267578,0.046642005443573
"surftemp",10.795994758606,0.0381492376327515
"surftemp",9.91922664642334,0.0243791937828064
"surftemp",4.26719999313354,0
"surftemp",34.2406311035156,0.0744837522506714
"surftemp",36.267017364502,0.0721578001976013
"surftemp",4.12396812438965,0.0446245670318604
"surftemp",4.55190658569336,0.0344698429107666
"surftemp",3.58608055114746,0.00916647911071777
"surftemp",9.33405208587646,0.00231254100799561
"surftemp",14.6539659500122,0
"surftemp",10.3465156555176,0
"surftemp",16.4980583190918,0.0233325958251953
"surftemp",8.895094871521,0.019999086856842
"surftemp",5.11609792709351,0.0139513611793518
"surftemp",10.1481637954712,0.011078953742981
"surftemp",8.32755374908447,0.0162493586540222
"surftemp",32.0710029602051,0.00818407535552979
"surftemp",46.5802917480469,0.0181868076324463
"surftemp",11.6787977218628,0.0194423794746399
"surftemp",17.8725032806396,0.0171585083007812
"surftemp",7.22732353210449,0.0154156088829041
"surftemp",14.1117906570435,0.0206248164176941
"surftemp",14.1717891693115,0.0186564922332764
"surftemp",11.8101224899292,0
"surftemp",18.9502506256104,0.00867539644241333
"surftemp",12.8414707183838,0.00441235303878784
"surftemp",6.27301073074341,0.00341612100601196
"surftemp",14.9822874069214,0.0042794942855835
"surftemp",6.29459428787231,0.0414804816246033
"surftemp",7.93793869018555,0.0511535406112671
"surftemp",11.9260845184326,0.0508340001106262
"surftemp",13.3870716094971,0.0219919085502625
"surftemp",3.51715302467346,0
"surftemp",14.0406150817871,0.00790309906005859
"surftemp",7.38590812683105,0
"surftemp",6.14571142196655,0.032498300075531
"surftemp",20.3860683441162,0.0386444926261902
"surftemp",3.19999980926514,0.043742835521698
"surftemp",7.91535329818726,0.0475311279296875
"surftemp",7.31255769729614,0.0462445020675659
"surftemp",11.1556663513184,0.0203150510787964
"surftemp",6.42902708053589,0.0387122631072998
"surftemp",3.91847920417786,0.0570822358131409
"surftemp",6.75275087356567,0
"surftemp",5.64830684661865,0.0274919271469116
"surftemp",9.84291839599609,0.0100826621055603
"surftemp",11.0392446517944,0.0135641098022461
"surftemp",22.5237293243408,0.0121799111366272
"surftemp",12.5270853042603,0.0144860744476318
"surftemp",24.1265449523926,0.0357490181922913
"surftemp",8.5275821685791,0.00412607192993164
"surftemp",6.39960193634033,0.0098070502281189
"surftemp",11.4613122940063,0.0146945118904114
"surftemp",10.6104879379272,0.00815743207931519
"surftemp",12.0998697280884,0.00721228122711182
"surftemp",7.42195844650269,0.00526368618011475
"surftemp",12.053391456604,0.00645506381988525
"surftemp",4.76463222503662,0.00345712900161743
"surftemp",10.9533843994141,0.0176216959953308
"surftemp",9.97081756591797,0.0344715714454651
"surftemp",10.8261804580688,0.0428429245948792
"surftemp",11.3598499298096,0.052636981010437
"surftemp",6.13876390457153,0.0513841509819031
"surftemp",3.64181661605835,0
"surftemp",3.99469637870789,0
"surftemp",5.70714521408081,0.0343866348266602
"surftemp",5.41051340103149,0.0316933989524841
"surftemp",6.57605314254761,0.0303248763084412
"surftemp",23.1879234313965,0.0347322225570679
"surftemp",7.07331132888794,0.0293956398963928
"surftemp",27,0.0219091176986694
"surftemp",13.9801607131958,0.00479179620742798
"surftemp",12.4040174484253,0.0067974328994751
"surftemp",7.35897397994995,0
"surftemp",11.6025905609131,0.0119413733482361
"surftemp",7.49684047698975,0.0194498300552368
"surftemp",5.72909688949585,0.00281214714050293
"surftemp",5.72125005722046,0.00392627716064453
"surftemp",5.45619583129883,0.00236207246780396
"surftemp",11.0073261260986,0.0103335976600647
"surftemp",7.35904264450073,0.0180860161781311
"surftemp",8.71677589416504,0.0494644641876221
"surftemp",9.29563331604004,0.0522549748420715
"surftemp",8.354323387146,0.0284342169761658
"surftemp",54.598949432373,0.00831747055053711
"surftemp",5.51380300521851,0
"surftemp",5.5174298286438,0.00234895944595337
"surftemp",3.69651889801025,0
"surftemp",6.72069215774536,0.038659393787384
"surftemp",4.61237668991089,0.0368416905403137
"surftemp",4.12866973876953,0.0271494388580322
"surftemp",10.9349384307861,0.042633593082428
"surftemp",3.72977805137634,0.0352180600166321
"surftemp",4.67765665054321,0.0228805541992188
"surftemp",6.64776515960693,0.0544719099998474
"surftemp",5.46259927749634,0.0382618308067322
"surftemp",20.1531925201416,0.0292955040931702
"surftemp",3.83099365234375,0.0688459277153015
"surftemp",4.40629291534424,0.0456041693687439
"surftemp",5.6176586151123,0.0308181643486023
"surftemp",6.98071527481079,0.0176165103912354
"surftemp",5.12450313568115,0.0166378021240234
"surftemp",6.64980173110962,0.0012441873550415
"surftemp",9.34683990478516,0.00466924905776978
"surftemp",6.03505802154541,0
"surftemp",12.9001111984253,0.014897882938385
"surftemp",4.17606639862061,0.00762099027633667
"surftemp",21.7451725006104,0.00594174861907959
"surftemp",8.23554039001465,0.00910580158233643
"surftemp",7.47571468353271,0.00160616636276245
"surftemp",9.73297500610352,0.0254336595535278
"surftemp",13.9322967529297,0.030206561088562
"surftemp",8.63541030883789,0.0430950522422791
"surftemp",6.04261445999146,0.0407337546348572
"surftemp",10.7510795593262,0.0356019735336304
"surftemp",5.05164051055908,0.00506973266601562
"surftemp",5.16527128219604,0.0138680338859558
"surftemp",7.85704517364502,0.0142333507537842
"surftemp",9.32793521881104,0.00558298826217651
"surftemp",7.63473558425903,0.0195530652999878
"surftemp",16.9622020721436,0.0221529006958008
"surftemp",17.0308151245117,0.0276126861572266
"surftemp",5.34928607940674,0.0261339545249939
"surftemp",6.49869346618652,0.0778138637542725
"surftemp",5.21893644332886,0.0469353199005127
"surftemp",5.10822343826294,0.0076603889465332
"surftemp",10.4101934432983,0.0138483047485352
"surftemp",10.9063749313354,0.0180190205574036
"surftemp",13.684666633606,0.00680774450302124
"surftemp",11.0090579986572,0.00435793399810791
"surftemp",7.36847114562988,0.0182792544364929
"surftemp",10.6529932022095,0.00933176279067993
"surftemp",9.84463596343994,0.00402837991714478
"surftemp",6.93630313873291,0.00625109672546387
"surftemp",8.15455150604248,0.0122895240783691
"surftemp",9.08095073699951,0.0241086483001709
"surftemp",11.4490127563477,0.0284202098846436
"surftemp",13.0421142578125,0.0364789366722107
"surftemp",6.31173467636108,0
"surftemp",3.81349658966064,0.0170954465866089
"surftemp",5.85499429702759,0.0306379795074463
"surftemp",7.92824363708496,0.00521337985992432
"surftemp",7.50620126724243,0.0218437314033508
"surftemp",40.4419403076172,0.0422133803367615
"surftemp",7.11024808883667,0.0330515503883362
"surftemp",5.20453643798828,0.0207442045211792
"surftemp",44.3955612182617,0.0262450575828552
"surftemp",13.313136100769,0.0329830050468445
"surftemp",8.34589099884033,0.0570623874664307
"surftemp",7.36291885375977,0.0927278995513916
"surftemp",11.1825456619263,0.0730640292167664
"surftemp",5.62038516998291,0.0544857978820801
"surftemp",9.43717575073242,0.0186075568199158
"surftemp",96.2426452636719,0.0126004219055176
"surftemp",10.4390554428101,0.0162904858589172
"surftemp",9.05038642883301,0.0143747925758362
"surftemp",12,0.00337320566177368
"surftemp",8.44223499298096,0.00637084245681763
"surftemp",5.9781231880188,0.00254708528518677
"surftemp",6.45950984954834,0.00345993041992188
"surftemp",3.66528964042664,0
"surftemp",4.09539175033569,0
"surftemp",4.16602563858032,0
"surftemp",4.87188816070557,0.00138705968856812
"surftemp",4.56596231460571,0.00495940446853638
"surftemp",7.0549373626709,0.0178214311599731
"surftemp",5.39610147476196,0.0206283330917358
"surftemp",6.86295366287231,0.0318870544433594
"surftemp",4.44203424453735,0.0449342727661133
"surftemp",4.13000011444092,0.0377289652824402
"surftemp",4.85106992721558,0.0643399357795715
"surftemp",8.5410213470459,0.0629698634147644
"surftemp",5.35005855560303,0.0596202611923218
"surftemp",4.15173625946045,0.0445201992988586
"surftemp",6.25901889801025,0.0116180181503296
"surftemp",5.90030336380005,0
"surftemp",5.00022888183594,0
"surftemp",12.7718772888184,0.00874745845794678
"surftemp",11.5806941986084,0.0116691589355469
"surftemp",16.8493556976318,0.0157539248466492
"surftemp",9.14419555664062,0.0181789398193359
"surftemp",16.9389266967773,0.0182685852050781
"surftemp",14.4117679595947,0.0166627168655396
"surftemp",8.89188385009766,0.0180452466011047
"surftemp",13.3206157684326,0.0136545896530151
"surftemp",8.8846549987793,0.00754231214523315
"surftemp",14.7621917724609,0.00466048717498779
"surftemp",9.12899589538574,0.00678890943527222
"surftemp",11.4590530395508,0.00515633821487427
"surftemp",11.0590715408325,0.00566405057907104
"surftemp",6.77964210510254,0.0041801929473877
"surftemp",4.10464000701904,0
"surftemp",4.15543985366821,0.00642943382263184
"surftemp",6.16276550292969,0.00166231393814087
"surftemp",3.68807983398438,0
"surftemp",4.38853645324707,0
"surftemp",10.7398691177368,0
"surftemp",6.79303884506226,0
"surftemp",4.93073272705078,0.00134700536727905
"surftemp",7.0736255645752,0.00425124168395996
"surftemp",3.69301652908325,0.0224782228469849
"surftemp",5.96661186218262,0.0273138880729675
"surftemp",31.8264408111572,0.0640004277229309
"surftemp",19.7039890289307,0.0553371906280518
"surftemp",4.25849866867065,0.0465562343597412
"surftemp",4.14527988433838,0.0537074208259583
"surftemp",706,0
"surftemp",9.78572559356689,0.0294024348258972
"surftemp",9.53642749786377,0.0180478692054749
"surftemp",10.2808294296265,0.0390412211418152
"surftemp",11.3902626037598,0.0288035273551941
"surftemp",9.67144298553467,0.0111635327339172
"surftemp",8.75137996673584,0.00877094268798828
"surftemp",13.6481761932373,0.00656843185424805
"surftemp",12.1371088027954,0.00351274013519287
"surftemp",4.81005334854126,0.0131800770759583
"surftemp",14.9789457321167,0.00951451063156128
"surftemp",11.9930419921875,0.00521749258041382
"surftemp",5.74574375152588,0.0241248607635498
"surftemp",8.60595989227295,0.00645530223846436
"surftemp",5.85195398330688,0.00242161750793457
"surftemp",11.9840087890625,0.00664037466049194
"surftemp",7.42889404296875,0.000921428203582764
"surftemp",6.72554636001587,0.00121223926544189
"surftemp",3.66423439979553,0.00408190488815308
"surftemp",4.28141641616821,0.00173872709274292
"surftemp",5.38958358764648,0
"surftemp",4.82617092132568,0
"surftemp",6.01183700561523,0
"surftemp",4.13530254364014,0.00784039497375488
"surftemp",4.36802434921265,0.0115217566490173
"surftemp",5.62097835540771,0.0275185108184814
"surftemp",19.9764308929443,0.0375037789344788
"surftemp",7.34302616119385,0.0349472165107727
"surftemp",19.433464050293,0.0532922148704529
"surftemp",4.77332353591919,0.0480566024780273
"surftemp",11.5839624404907,0.0516078472137451
"surftemp",4.41856813430786,0.0373724699020386
"surftemp",3.93707323074341,0.0288747549057007
"surftemp",14.9042387008667,0.0189110040664673
"surftemp",15.6269674301147,0.0256054401397705
"surftemp",11.1272411346436,0.0232187509536743
"surftemp",22.1837158203125,0.025443434715271
"surftemp",9.62900924682617,0.046959400177002
"surftemp",7.39486026763916,0.0563468933105469
"surftemp",5.77490901947021,0.054675817489624
"surftemp",11.3912000656128,0.0425009727478027
"surftemp",8.98093318939209,0.0316111445426941
"surftemp",6.68072557449341,0.0233553647994995
"surftemp",13.7962970733643,0.0203930139541626
"surftemp",16.0840587615967,0.0021863579750061
"surftemp",8.26578330993652,0.0307773351669312
"surftemp",13.0460796356201,0.0116341114044189
"surftemp",30.1828079223633,0.0342084765434265
"surftemp",11.4118900299072,0.00247108936309814
"surftemp",5.32498693466187,0.00161862373352051
"surftemp",5.25101900100708,0.000647485256195068
"surftemp",7.67233371734619,0.000597178936004639
"surftemp",5.62321710586548,0.0367988348007202
"surftemp",8.89883041381836,0.0464650392532349
"surftemp",4.75265121459961,0.0511839985847473
"surftemp",4.32432699203491,0.0536238551139832
"surftemp",4.04181671142578,0.0105234980583191
"surftemp",6.07928705215454,0.00975126028060913
"surftemp",12.5051116943359,0.00784879922866821
"surftemp",4.27454900741577,0
"surftemp",4.23672008514404,0
"surftemp",20.8788375854492,0.0446637868881226
"surftemp",5.57145166397095,0.039850652217865
"surftemp",4.01331520080566,0.0372902154922485
"surftemp",27.4324111938477,0.0353280901908875
"surftemp",7.20733690261841,0.0345516204833984
"surftemp",3.78701639175415,0.000543594360351562
"surftemp",8.63307189941406,0.00366640090942383
"surftemp",12.847092628479,0.00854390859603882
"surftemp",13.6189661026001,0.0213766694068909
"surftemp",19.005407333374,0.0254583954811096
"surftemp",11.4679565429688,0.029234766960144
"surftemp",12.5054788589478,0.0346211791038513
"surftemp",10.9382610321045,0.0442690253257751
"surftemp",10.9949960708618,0.0557917952537537
"surftemp",10.5587778091431,0.0246207714080811
"surftemp",7.05897998809814,0.0163542032241821
"surftemp",11.9286775588989,0.0116320848464966
"surftemp",9.23649787902832,0.00696206092834473
"surftemp",9.97939682006836,0.0301359295845032
"surftemp",37.6745567321777,0.0120218396186829
"surftemp",6.56876802444458,0.000269055366516113
"surftemp",5.78676509857178,0
"surftemp",5.76440000534058,0.00364279747009277
"surftemp",7.29830169677734,0.00755095481872559
"surftemp",7.35489988327026,0.00798338651657104
"surftemp",7.53876304626465,0.00539344549179077
"surftemp",15.4461002349854,0.0116122364997864
"surftemp",24.9518928527832,0.0613068342208862
"surftemp",3.94997644424438,0.0178273916244507
"surftemp",4.23672008514404,0.0166364908218384
"surftemp",4.87564420700073,0.000700116157531738
"surftemp",6.49211549758911,0.00227242708206177
"surftemp",4.80236864089966,0.00191801786422729
"surftemp",5.68692111968994,0.0336233377456665
"surftemp",18.6861038208008,0.0446692705154419
"surftemp",6.64378356933594,0.0434440970420837
"surftemp",5.99864959716797,0.0383842587471008
"surftemp",5.69654560089111,0.0307674407958984
"surftemp",3.82015991210938,0.0552769303321838
"surftemp",4.75181770324707,0.0394546985626221
"surftemp",4.18405628204346,0.00133579969406128
"surftemp",4.91226482391357,0.0256049036979675
"surftemp",8.19741439819336,0.00621622800827026
"surftemp",11.0559053421021,0.0164712071418762
"surftemp",9.09827995300293,0.0194870829582214
"surftemp",12.083212852478,0.0232142806053162
"surftemp",8.48113441467285,0.0287889838218689
"surftemp",8.34756278991699,0.0343348383903503
"surftemp",10.8835821151733,0.0271351933479309
"surftemp",10.6415996551514,0.0201917886734009
"surftemp",20.8040199279785,0.01764315366745
"surftemp",9.81276893615723,0.0124181509017944
"surftemp",19.2579708099365,0.00642520189285278
"surftemp",9.78855323791504,0.0336445569992065
"surftemp",5.09016036987305,0.012984573841095
"surftemp",7.51656055450439,0.00291472673416138
"surftemp",7.63651609420776,0.00376057624816895
"surftemp",5.46718788146973,0.00486749410629272
"surftemp",14.6704607009888,0.00522786378860474
"surftemp",3.95953321456909,0.00558823347091675
"surftemp",6.96387672424316,0.0121880173683167
"surftemp",5.24129724502563,0.00552648305892944
"surftemp",3.86124587059021,0.032892107963562
"surftemp",5.07245635986328,0.0027012825012207
"surftemp",3.89896941184998,0
"surftemp",3.95184397697449,0
"surftemp",4.73214292526245,0.0167128443717957
"surftemp",9.25186634063721,0.0272864699363708
"surftemp",4.72845649719238,0.0426983833312988
"surftemp",4.15891313552856,0.0345618724822998
"surftemp",3.63480925559998,0.0294889807701111
"surftemp",5.64693689346313,0.0323843955993652
"surftemp",4.21640014648438,0.0398100614547729
"surftemp",4.90074300765991,0.0538091659545898
"surftemp",2.95024013519287,0.045717179775238
"surftemp",3.83032011985779,0.0152204632759094
"surftemp",7.4978084564209,0
"surftemp",16.0707378387451,0.00348275899887085
"surftemp",8.24270439147949,0.00546753406524658
"surftemp",12.7162981033325,0.0120449066162109
"surftemp",14.5622854232788,0.0140017867088318
"surftemp",11.8789081573486,0.0148156881332397
"surftemp",7.88999605178833,0.02341228723526
"surftemp",13.7543773651123,0.0229992866516113
"surftemp",13.5391044616699,0.0239437222480774
"surftemp",10.1964740753174,0.00534898042678833
"surftemp",10.4253492355347,0.00585079193115234
"surftemp",13.3847799301147,0.0126495361328125
"surftemp",90.5980606079102,0.0345539450645447
"surftemp",10.8350391387939,0.00460278987884521
"surftemp",6.91289758682251,0.0113711953163147
"surftemp",6.74976682662964,0.00517809391021729
"surftemp",7.37231206893921,0.00437337160110474
"surftemp",7.37745952606201,0.00441873073577881
"surftemp",4.40752410888672,0.00406444072723389
"surftemp",5.72125005722046,0.0093345046043396
"surftemp",44.1618499755859,0.014556348323822
"surftemp",10.0025653839111,0.00401270389556885
"surftemp",5.43247985839844,0.083900511264801
"surftemp",5.03200006484985,0.035179078578949
"surftemp",6.97290277481079,0.00274091958999634
"surftemp",5.02248620986938,0.00126373767852783
"surftemp",10.3061990737915,0.00750148296356201
"surftemp",5.16408014297485,0.0175137519836426
"surftemp",12.7261257171631,0.0169223546981812
"surftemp",7.51291656494141,0.0218578577041626
"surftemp",3.44493627548218,0.0272368192672729
"surftemp",10.8711347579956,0.036560595035553
"surftemp",30.1179676055908,0.0340607166290283
"surftemp",3.92176008224487,0.0332685112953186
"surftemp",6.19863557815552,0.0255647897720337
"surftemp",8.20549964904785,0.0298472046852112
"surftemp",14.3064212799072,0.000131130218505859
"surftemp",9.18667125701904,0.000465631484985352
"surftemp",7.04448127746582,0.00266385078430176
"surftemp",7.83814334869385,0.00590610504150391
"surftemp",8.98756980895996,0.0124077796936035
"surftemp",7.99637842178345,0.00978308916091919
"surftemp",9.0393648147583,0.0227475762367249
"surftemp",7.37129306793213,0.0158482789993286
"surftemp",6.07682609558105,0.00511384010314941
"surftemp",8.22264766693115,0.00230664014816284
"surftemp",14.6565437316895,0.00397557020187378
"surftemp",7.1337685585022,0.0355619788169861
"surftemp",11.8899240493774,0.0582861304283142
"surftemp",11.7330923080444,0.0495768189430237
"surftemp",9.52515697479248,0.0109773874282837
"surftemp",12.2428274154663,0.0180726051330566
"surftemp",7.43255424499512,0.00568562746047974
"surftemp",12.9266176223755,0.000507771968841553
"surftemp",7.43974828720093,0.0219025015830994
"surftemp",19.1699123382568,0.0163511037826538
"surftemp",8.13854217529297,0.00669783353805542
"surftemp",6.41662359237671,0.00367474555969238
"surftemp",5.78981924057007,0.00919759273529053
"surftemp",4.44685554504395,0.0220441222190857
"surftemp",4.09799480438232,0.0163071155548096
"surftemp",6.0820517539978,0.0112387537956238
"surftemp",5.80857753753662,0.0029633641242981
"surftemp",6.68161725997925,0.0108266472816467
"surftemp",5.82961368560791,0.0616602301597595
"surftemp",23.4067115783691,0.150536835193634
"surftemp",8.02999019622803,0.0908970832824707
"surftemp",3.92581653594971,0.0424310564994812
"surftemp",6.72651529312134,0.00751054286956787
"surftemp",4.7332558631897,0.00745111703872681
"surftemp",6.95426321029663,0.0135635733604431
"surftemp",3.97414588928223,0.0129462480545044
"surftemp",4.25112009048462,0.0135777592658997
"surftemp",23.6107063293457,0.0225965976715088
"surftemp",8.82280349731445,0.0289179086685181
"surftemp",3.24031949043274,0.00985109806060791
"surftemp",39.7763748168945,0.0203931331634521
"surftemp",21.9134960174561,0.0174582004547119
"surftemp",15.2410039901733,0.00208008289337158
"surftemp",11.8670644760132,0
"surftemp",10.6825008392334,0
"surftemp",56.7859649658203,0
"surftemp",4.72378158569336,0.0047152042388916
"surftemp",6.43411874771118,0.0107693076133728
"surftemp",10.3015165328979,0.0221884846687317
"surftemp",38.2938194274902,0.00878250598907471
"surftemp",7.81910276412964,0.000424504280090332
"surftemp",12.7334432601929,0.037272572517395
"surftemp",3.85643672943115,0.0655749440193176
"surftemp",7.89766359329224,0.0268344283103943
"surftemp",11.450813293457,0.0154598951339722
"surftemp",11.8998222351074,0
"surftemp",10.0058603286743,0.00457906723022461
"surftemp",36.1706581115723,0.0331777930259705
"surftemp",3.82742214202881,0.0166872143745422
"surftemp",6.62327337265015,0.0113090872764587
"surftemp",6.20946359634399,0.016890287399292
"surftemp",13.0632104873657,0.0163064002990723
"surftemp",4.77458095550537,0.00602132081985474
"surftemp",7.70634984970093,0
"surftemp",6.24356317520142,0.0057755708694458
"surftemp",11.4599142074585,0.0784029364585876
"surftemp",6.28233242034912,0.0482257008552551
"surftemp",4.17518663406372,0.0177510380744934
"surftemp",13.7760992050171,0.0202328562736511
"surftemp",3.94021010398865,0.013630211353302
"surftemp",5.14859247207642,0.0109735131263733
"surftemp",5.58013772964478,0.00452828407287598
"surftemp",3.67897796630859,0.00805342197418213
"surftemp",3.94276905059814,0.0129766464233398
"surftemp",6.64204549789429,0.00839066505432129
"surftemp",3.5038754940033,0.000675499439239502
"surftemp",9.12882995605469,0.0119657516479492
"surftemp",3,0.019050657749176
"surftemp",13.2683343887329,0
"surftemp",12.6578731536865,0.000442087650299072
"surftemp",4.57785177230835,0.00130271911621094
"surftemp",8.38095378875732,0.000375628471374512
"surftemp",89.3421325683594,0
"surftemp",6.76059579849243,0
"surftemp",9.17257118225098,0
"surftemp",13.6651678085327,0.00194668769836426
"surftemp",7.38537216186523,0.0107753872871399
"surftemp",7.07117748260498,0.0139418840408325
"surftemp",9.81838703155518,0.004067063331604
"surftemp",100.689674377441,0
"surftemp",10.8897914886475,0
"surftemp",14.6274499893188,0.0347813367843628
"surftemp",16.5501976013184,0.0718691349029541
"surftemp",11.0218210220337,0.0877438187599182
"surftemp",7.81860494613647,0.0295053124427795
"surftemp",8.09468364715576,0
"surftemp",10.9976348876953,0
"surftemp",21.0881500244141,0.026899516582489
"surftemp",13.0230541229248,0.0286790728569031
"surftemp",8.35211944580078,0.00712347030639648
"surftemp",281,0.00787526369094849
"surftemp",5.92251968383789,0.00137007236480713
"surftemp",6.00165557861328,0.0112439393997192
"surftemp",21.2583522796631,0.0395787358283997
"surftemp",5.06883478164673,0.0133292675018311
"surftemp",58.3647079467773,0.0141515731811523
"surftemp",8.304612159729,0
"surftemp",13.7557792663574,0
"surftemp",26.6887664794922,0.0143681764602661
"surftemp",10.2970733642578,0.00683784484863281
"surftemp",31.1710395812988,0.0103386640548706
"surftemp",29.3236904144287,0.0230208039283752
"surftemp",5.64182806015015,0.00899672508239746
"surftemp",6.54703760147095,0.00772571563720703
"surftemp",13.022198677063,0.0125674605369568
"surftemp",8.04522132873535,0.000156879425048828
"surftemp",11.7983922958374,0.00155895948410034
"surftemp",7.68084144592285,0.000557661056518555
"surftemp",51.015567779541,0
"surftemp",92.2818756103516,0
"surftemp",7.32842969894409,0.00172716379165649
"surftemp",12.4915914535522,0.00469070672988892
"surftemp",4.61840629577637,0.00780379772186279
"surftemp",58.7222671508789,0
"surftemp",102.716636657715,0
"surftemp",11.6482849121094,0
"surftemp",10.9134540557861,0.0366644263267517
"surftemp",12.3284769058228,0.0531112551689148
"surftemp",13.6505556106567,0.0688533782958984
"surftemp",4.85665893554688,0.0606810450553894
"surftemp",19.1537799835205,0.00666111707687378
"surftemp",31.3231086730957,0.0386666059494019
"surftemp",9.24877738952637,0.0345231890678406
"surftemp",3.42869329452515,0.0128574371337891
"surftemp",3.04834175109863,0.00571548938751221
"surftemp",4.60653638839722,0.0130109190940857
"surftemp",25.2563018798828,0.0217936635017395
"surftemp",4.77496814727783,0.0119401812553406
"surftemp",4.8321475982666,0
"surftemp",4.77193260192871,0.0247811079025269
"surftemp",3.96239995956421,0
"surftemp",3.95329809188843,0
"surftemp",4.73609638214111,0
"surftemp",5.91866254806519,0
"surftemp",6.76057720184326,0.00221860408782959
"surftemp",11.2072925567627,0.00773698091506958
"surftemp",11.5443840026855,0.00145405530929565
"surftemp",94.7050018310547,0.00399512052536011
"surftemp",6.84120225906372,0.000204205513000488
"surftemp",11.4754943847656,0.000266730785369873
"surftemp",98,0
"surftemp",4.89765882492065,0.0084342360496521
"surftemp",11.7738885879517,0.00287014245986938
"surftemp",22.8510513305664,0.000474452972412109
"surftemp",107.923011779785,0
"surftemp",14.923113822937,0.000582575798034668
"surftemp",9.71731472015381,0.00121492147445679
"surftemp",7.82365083694458,0.0206884741783142
"surftemp",11.9680166244507,0.0345950722694397
"surftemp",8.05355072021484,0.0415614247322083
"surftemp",14.2477617263794,0.0479508638381958
"surftemp",9.10364437103271,0.0426440834999084
"surftemp",7.75239944458008,0.0324136018753052
"surftemp",5.97714948654175,0.00852358341217041
"surftemp",13.258095741272,0
"surftemp",10.5700578689575,0
"surftemp",5.91879463195801,0.015753448009491
"surftemp",4.02909088134766,0.0356756448745728
"surftemp",32.7672119140625,0.0289226174354553
"surftemp",4.22171354293823,0.00684243440628052
"surftemp",6.51899099349976,0.00577038526535034
"surftemp",12.5422515869141,0.0158056616783142
"surftemp",4.75996255874634,0.0156970024108887
"surftemp",4.55883121490479,0.000232398509979248
"surftemp",3.96163296699524,0.00100934505462646
"surftemp",2.80919981002808,0
"surftemp",16.9405117034912,0
"surftemp",6.38186836242676,0
"surftemp",19.7380790710449,0
"surftemp",4.82538080215454,0
"surftemp",4.51489019393921,0.00174462795257568
"surftemp",3.96239995956421,0
"surftemp",6.8200798034668,0
"surftemp",2.69598746299744,0
"surftemp",4.31226444244385,0.0295496582984924
"surftemp",5.03430652618408,0.0273271799087524
"surftemp",8.69342994689941,0.004383385181427
"surftemp",9.31667709350586,2.02655792236328e-05
"surftemp",12.9680137634277,0
"surftemp",12.277795791626,0
"surftemp",8.08399200439453,0.00566709041595459
"surftemp",14.1863632202148,0.00143837928771973
"surftemp",35.671070098877,0
"surftemp",11.6823244094849,0.0011170506477356
"surftemp",11.0478296279907,0.0011102557182312
"surftemp",8.23690414428711,0.0309253334999084
"surftemp",5.74724531173706,0.0329915881156921
"surftemp",8.46748065948486,0.0283593535423279
"surftemp",27.5218524932861,0.00611186027526855
"surftemp",17.0678539276123,0
"surftemp",14.5537595748901,0
"surftemp",12.9491195678711,0
"surftemp",6.81930589675903,0.0141773223876953
"surftemp",27.514720916748,0.0371139645576477
"surftemp",4.7988452911377,0.0534636378288269
"surftemp",4.67405843734741,0.013510525226593
"surftemp",17.3457279205322,0.0202133655548096
"surftemp",6.69479274749756,0.0103635191917419
"surftemp",6.5900182723999,0.0102857351303101
"surftemp",50.4951324462891,0.0389993786811829
"surftemp",6.27150630950928,0.0219013094902039
"surftemp",5.24710035324097,0.0150947570800781
"surftemp",3.86250042915344,0.00462990999221802
"surftemp",4.67667436599731,0.00113016366958618
"surftemp",3.99794840812683,0
"surftemp",3.86485648155212,0
"surftemp",6.78446340560913,0
"surftemp",97.0000076293945,0
"surftemp",5.15009546279907,0
"surftemp",4.48461866378784,0
"surftemp",4.03238201141357,0
"surftemp",5.52731800079346,0
"surftemp",3.47789430618286,0
"surftemp",3.55935144424438,0.0128517150878906
"surftemp",2.25161337852478,0.0224567055702209
"surftemp",57.9630889892578,0
"surftemp",12.2756910324097,0
"surftemp",90.8373718261719,0.0150312781333923
"surftemp",10.4749050140381,0.000446200370788574
"surftemp",14.9897193908691,0.0106281638145447
"surftemp",7.19888019561768,0.0078093409538269
"surftemp",68.496940612793,0.0050426721572876
"surftemp",9.24005603790283,0.00495928525924683
"surftemp",11.1181678771973,0.0128570199012756
"surftemp",33.9143257141113,0.0317255258560181
"surftemp",10.4604864120483,0.0176073312759399
"surftemp",6.69995021820068,0.0141876339912415
"surftemp",4.2935905456543,0.00549066066741943
"surftemp",37.2538681030273,0.00354593992233276
"surftemp",6.23356056213379,0.0345281362533569
"surftemp",34.2657852172852,0.025748074054718
"surftemp",29.7205905914307,0.00855875015258789
"surftemp",26.054801940918,0.00998109579086304
"surftemp",12.8678169250488,0
"surftemp",17.4567909240723,0.00465470552444458
"surftemp",7.43003559112549,0.0101503133773804
"surftemp",4.81286525726318,0.00548171997070312
"surftemp",6.0061240196228,0.000242292881011963
"surftemp",3.64351511001587,0
"surftemp",4.4193811416626,0
"surftemp",7.82928895950317,0
"surftemp",3.61341619491577,0
"surftemp",29.815450668335,0.0080532431602478
"surftemp",4.29767990112305,0
"surftemp",4.26901578903198,0
"surftemp",3.95223999023438,0
"surftemp",7.59293127059937,0.012697160243988
"surftemp",12.8399610519409,0
"surftemp",16.4902515411377,0
"surftemp",6.34567356109619,0
"surftemp",8.61642742156982,0
"surftemp",6.76111364364624,0.000862777233123779
"surftemp",33.255744934082,0
"surftemp",7.09259748458862,0.00249224901199341
"surftemp",9.84406471252441,0.0065772533416748
"surftemp",13.6044111251831,0.00855106115341187
"surftemp",14.7743301391602,0.0230992436408997
"surftemp",98.2433853149414,0.0413069128990173
"surftemp",14.0666666030884,0.0438684821128845
"surftemp",49.474494934082,0.0481935739517212
"surftemp",12.2173490524292,0.0484308004379272
"surftemp",25.3232002258301,0.0376208424568176
"surftemp",16.3196125030518,0.0142157077789307
"surftemp",2.73213481903076,0.00171011686325073
"surftemp",25.2932720184326,0.00111919641494751
"surftemp",13.3324117660522,0
"surftemp",13.907829284668,0
"surftemp",35.830738067627,0.0716973543167114
"surftemp",4.86367273330688,0.0124773979187012
"surftemp",6.53532409667969,0.00202077627182007
"surftemp",5.40673732757568,0.000325858592987061
"surftemp",6.48855638504028,0
"surftemp",21.0429058074951,0.0020606517791748
"surftemp",11.074312210083,0
"surftemp",6.85564374923706,0
"surftemp",5.2610559463501,0
"surftemp",4.48400592803955,0.00621020793914795
"surftemp",2.94295978546143,0.000569343566894531
"surftemp",5.61171960830688,0.000206470489501953
"surftemp",4.47875928878784,0.00403708219528198
"surftemp",13.2312936782837,0
"surftemp",15.1076374053955,0
"surftemp",7.19775676727295,0
"surftemp",4.58007001876831,0
"surftemp",10.4968767166138,0
"surftemp",32.9253196716309,0
"surftemp",32.6874198913574,0
"surftemp",13.7581748962402,0
"surftemp",7.42879295349121,0.000768661499023438
"surftemp",12.0373992919922,0
"surftemp",15.0230712890625,0
"surftemp",10.7880849838257,0
"surftemp",8.53032970428467,0
"surftemp",15.2607488632202,0
"surftemp",10.8888254165649,0.000570595264434814
"surftemp",10.9382257461548,0
"surftemp",7.2713942527771,0.0482015609741211
"surftemp",12.1286869049072,0.0415704846382141
"surftemp",11.9684000015259,0.0422871708869934
"surftemp",19.082426071167,0.0421456694602966
"surftemp",10.044771194458,0.0394885540008545
"surftemp",15.0756044387817,0.0327768325805664
"surftemp",11.6092157363892,0.0247119665145874
"surftemp",15.1708011627197,0.00307297706604004
"surftemp",9.15626430511475,0
"surftemp",45.9748802185059,0.00495052337646484
"surftemp",10.6853809356689,0.00577402114868164
"surftemp",31.6951236724854,0.0527686476707458
"surftemp",6.64077138900757,0.00715434551239014
"surftemp",9.60034561157227,0
"surftemp",7.54986953735352,0
"surftemp",9.16572189331055,0
"surftemp",24.0321254730225,0.00342875719070435
"surftemp",7.46871995925903,0
"surftemp",7.78251218795776,0
"surftemp",8.53349113464355,0
"surftemp",20.2762145996094,0.00338363647460938
"surftemp",9.17017650604248,0
"surftemp",5.82405853271484,0
"surftemp",7.67628908157349,0
"surftemp",15.2856950759888,0
"surftemp",9.13649749755859,0
"surftemp",10.9325933456421,0
"surftemp",12.090184211731,0
"surftemp",11.6218357086182,0
"surftemp",5.84859275817871,0.0183351635932922
"surftemp",9.53511905670166,0.0319837331771851
"surftemp",10.1717128753662,0.030633270740509
"surftemp",7.43276214599609,0.0260439515113831
"surftemp",11.6537551879883,0.00620418787002563
"surftemp",17.046142578125,0
"surftemp",8.13498020172119,0.0469716787338257
"surftemp",3.89957642555237,0
"surftemp",5.38740301132202,0
"surftemp",4.23659706115723,0
"surftemp",7.04943990707397,0
"surftemp",3.05904006958008,0
"surftemp",7.28226137161255,0
"surftemp",10.6757545471191,0
"surftemp",40.4605827331543,0
"surftemp",13.1183624267578,0
"surftemp",6.36855840682983,0.0316381454467773
"surftemp",10.7265691757202,0.0235521793365479
"surftemp",10.1671953201294,0.0237276554107666
"surftemp",14.6554880142212,0
"surftemp",15.6701517105103,0
"surftemp",24.0184001922607,0.00470823049545288
"surftemp",11.8040046691895,0.046009361743927
"surftemp",14.4598159790039,0.00143474340438843
"surftemp",5.20598077774048,0.0131697058677673
"surftemp",3.97758364677429,0.012956440448761
"surftemp",19.0349788665771,0
"surftemp",4.30762147903442,0
"surftemp",6.92917251586914,0
"surftemp",13.4403104782104,0.00257265567779541
"surftemp",10.3006191253662,0.0226773619651794
"surftemp",7.34865427017212,0.0143605470657349
"surftemp",4.64209127426147,0.0219783186912537
"surftemp",8.88069534301758,0.0123485922813416
"surftemp",6.60834980010986,0.00608599185943604
"surftemp",10.4865655899048,0.00551301240921021
"surftemp",14.1589822769165,0
"surftemp",19.3672103881836,0
"surftemp",12.4180793762207,0.000769197940826416
"surftemp",18.517599105835,0.00226253271102905
"surftemp",5.53794288635254,0.054335355758667
"surftemp",6.70741939544678,0.0486078262329102
"surftemp",4.94262742996216,0
"surftemp",4.86453866958618,0.0114092826843262
"surftemp",3.95757651329041,0.00857657194137573
"surftemp",5.57885646820068,0
"surftemp",6.63850879669189,0
"surftemp",4.88032817840576,0
"surftemp",28.0889759063721,0
"surftemp",11.1431694030762,0
"surftemp",24.3134632110596,0
"surftemp",11.6271724700928,0
"surftemp",20.9474792480469,0.00223344564437866
"surftemp",8.94170379638672,0.012681245803833
"surftemp",9.5717658996582,0.0102453827857971
"surftemp",13.0680866241455,0.0152032375335693
"surftemp",5.78390741348267,0.0111081004142761
"surftemp",13.6381845474243,0.0070260763168335
"surftemp",12.8414535522461,0.00927639007568359
"surftemp",11.4189863204956,0.0101661086082458
"surftemp",16.0969676971436,0.00210791826248169
"surftemp",10.1444454193115,0
"surftemp",8.52994346618652,0.00823736190795898
"surftemp",7.09218120574951,0.0383410453796387
"surftemp",3.70592927932739,0
"surftemp",6.89190340042114,0
"surftemp",4.71377658843994,0.00332897901535034
"surftemp",4.3889365196228,0
"surftemp",5.98747825622559,0
"surftemp",5.1966667175293,0.0016329288482666
"surftemp",26.2013359069824,0
"surftemp",18.1233539581299,0
"surftemp",13.0091133117676,0.0029447078704834
"surftemp",11.2020311355591,0.00916081666946411
"surftemp",12.6622972488403,0.0246239900588989
"surftemp",11.6843662261963,0.0129877328872681
"surftemp",39.5999984741211,0.00533133745193481
"surftemp",9.0327320098877,0
"surftemp",11.5105104446411,0
"surftemp",11.745436668396,0.0242429375648499
"surftemp",15.9022541046143,0
"surftemp",2.78625226020813,0.00289064645767212
"surftemp",15.5640897750854,0
"surftemp",7.63256645202637,0
"surftemp",8.78314685821533,0
"surftemp",39.8506355285645,0
"surftemp",5.6434588432312,0
"surftemp",11.3545398712158,0.010992705821991
"surftemp",13.2835826873779,0.0154405236244202
"surftemp",7.83302116394043,0.0156738758087158
"surftemp",8.15585327148438,0.0133166909217834
"surftemp",11.9030456542969,0.00704747438430786
"surftemp",14.8434371948242,0.00817227363586426
"surftemp",10.4883718490601,0.011081874370575
"surftemp",28.2902183532715,0.00269943475723267
"surftemp",18.2969570159912,0.0100622773170471
"surftemp",12.3078851699829,0.00202792882919312
"surftemp",5.17606210708618,0.0249649286270142
"surftemp",5.31257915496826,0.000430524349212646
"surftemp",11.0033168792725,0.0899186730384827
"surftemp",9.59485149383545,0.0714831948280334
"surftemp",2.80031967163086,0
"surftemp",5.03528070449829,0
"surftemp",4.68451833724976,0
"surftemp",2.95912003517151,0
"surftemp",6.86740350723267,0
"surftemp",3.14004349708557,0
"surftemp",3.25119996070862,0
"surftemp",4.15949630737305,0
"surftemp",7.59734487533569,0
"surftemp",13.1328678131104,0
"surftemp",7.50472164154053,0
"surftemp",11.996636390686,0.0144336223602295
"surftemp",16.3376560211182,0.0122610330581665
"surftemp",11.3277397155762,0.015112042427063
"surftemp",10.3867664337158,0.0175584554672241
"surftemp",11.45521068573,0.0201018452644348
"surftemp",12.2091016769409,0.0112211108207703
"surftemp",13.7908744812012,0.00977259874343872
"surftemp",14.0842943191528,0.00813990831375122
"surftemp",7.48051357269287,0.00621271133422852
"surftemp",5.51076412200928,0.0150949954986572
"surftemp",10.9688768386841,0.103749990463257
"surftemp",8.94749736785889,0.0929468870162964
"surftemp",3.69576930999756,0
"surftemp",4.13935995101929,0
"surftemp",3.0559995174408,0
"surftemp",9.36079788208008,0.00399458408355713
"surftemp",9.79936408996582,0.0227705836296082
"surftemp",10.4235134124756,0.0167372822761536
"surftemp",8.93127822875977,0.0163233876228333
"surftemp",8.69428443908691,0.0231674313545227
"surftemp",14.2163801193237,0.0285359621047974
"surftemp",9.29927158355713,0.0266249775886536
"surftemp",16.437837600708,0.0049595832824707
"surftemp",14.2337455749512,0
"surftemp",14.8932905197144,0
"surftemp",22.3296642303467,0.00895744562149048
"surftemp",2.91254758834839,0.00979536771774292
"surftemp",13.371506690979,0.114751577377319
"surftemp",10.6648845672607,0.104210019111633
"surftemp",16.0688228607178,0.107011497020721
"surftemp",4.47093629837036,0
"surftemp",5.29071712493896,0
"surftemp",6.24511194229126,0
"surftemp",6.77210998535156,0
"surftemp",11.8595838546753,0.0280119776725769
"surftemp",14.7209300994873,0.018502950668335
"surftemp",7.48928356170654,0.0157489776611328
"surftemp",8.21151638031006,0.0247102379798889
"surftemp",13.9014453887939,0.0334952473640442
"surftemp",11.8144702911377,0.0333999991416931
"surftemp",13.5032930374146,0.0308591723442078
"surftemp",7.29818820953369,0.0196226239204407
"surftemp",9.8409538269043,0.00934034585952759
"surftemp",12.8578510284424,0
"surftemp",4.56733894348145,0.00209766626358032
"surftemp",13.2228412628174,0.111434638500214
"surftemp",8.63033008575439,0.0989965200424194
"surftemp",3.42907285690308,0
"surftemp",11.0809593200684,0
"surftemp",7.81264734268188,0
"surftemp",11.4701137542725,0.0395897030830383
"surftemp",32.0775871276855,0.0365720987319946
"surftemp",33.2135009765625,0.0326767563819885
"surftemp",12.7995195388794,0.0198320150375366
"surftemp",4.91378545761108,0.00316494703292847
"surftemp",14.5817489624023,0.111839115619659
"surftemp",6.54476690292358,0.101819396018982
"surftemp",4.93248653411865,0
"surftemp",5.26939964294434,0
"surftemp",5.52809000015259,0
"surftemp",4.59971761703491,0
"surftemp",9.51632595062256,0.0192117094993591
"surftemp",12.6718654632568,0.0254749655723572
"surftemp",16.8219146728516,0.0299018025398254
"surftemp",26.8315887451172,0.0345567464828491
"surftemp",9.17882061004639,0.0484623312950134
"surftemp",13.9793138504028,0.0489441752433777
"surftemp",7.77856636047363,0.0359593033790588
"surftemp",16.4174938201904,0.0274964570999146
"surftemp",3.32716631889343,0
"surftemp",7.97066640853882,0.0855780243873596
"surftemp",3.57289052009583,0
"surftemp",9.14997673034668,0
"surftemp",28.0055732727051,0
"surftemp",3.64496922492981,0
"surftemp",11.3804702758789,0.0206098556518555
"surftemp",11.3556041717529,0.0254508256912231
"surftemp",11.6938714981079,0.0278756022453308
"surftemp",12.1669540405273,0.0465968251228333
"surftemp",11.8026247024536,0.0497857332229614
"surftemp",17.673677444458,0.0414345264434814
"surftemp",14.4299659729004,0.0375465154647827
"surftemp",8.24912357330322,0.0538746118545532
"surftemp",9.86590480804443,0.0512275695800781
"surftemp",9.37923622131348,0.0448600649833679
"surftemp",4.53245639801025,0
"surftemp",24.7439117431641,0
"surftemp",22.6707019805908,0
"surftemp",6.16476488113403,0.0130630135536194
"surftemp",4.51085662841797,0.00967878103256226
"surftemp",5.72870588302612,0.00594079494476318
"surftemp",6.61311769485474,0
"surftemp",13.426513671875,0
"surftemp",11.5453338623047,0.0277929902076721
"surftemp",7.93688535690308,0.0218859314918518
"surftemp",9.82372570037842,0.0274373292922974
"surftemp",12.5955829620361,0.0321229100227356
"surftemp",6.25117921829224,0.0435933470726013
"surftemp",12.1896839141846,0.0412214398384094
"surftemp",17.9233150482178,0.0319303870201111
"surftemp",19.3240489959717,0.0220122933387756
"surftemp",12.5233383178711,0.0125962495803833
"surftemp",10.3906164169312,0.0203345417976379
"surftemp",4.66564083099365,0.014890730381012
"surftemp",8.01931571960449,0.000525355339050293
"surftemp",8.547532081604,0
"surftemp",6.03877735137939,0
"surftemp",8.70031547546387,0
"surftemp",13.7931327819824,0.00517547130584717
"surftemp",3.53157877922058,0.0129274725914001
"surftemp",21.0184059143066,0.00725251436233521
"surftemp",6.3784704208374,0.00843685865402222
"surftemp",23.1831722259521,0
"surftemp",5.2397665977478,0.0341339707374573
"surftemp",8.05020236968994,0.0389049649238586
"surftemp",14.8171091079712,0.0670550465583801
"surftemp",16.8695468902588,0.0563327074050903
"surftemp",11.1810455322266,0.0406916737556458
"surftemp",17.0030555725098,0.0134379863739014
"surftemp",8.87663459777832,0.00399118661880493
"surftemp",13.5352907180786,0.00754600763320923
"surftemp",13.5247430801392,0.00099337100982666
"surftemp",14.7910852432251,0
"surftemp",7.96526432037354,0
"surftemp",8.48692226409912,0.00274813175201416
"surftemp",4.6543436050415,0.00701522827148438
"surftemp",12.5651941299438,0.0784385800361633
"surftemp",27.6046829223633,0.0777100920677185
"surftemp",33.0565757751465,0.0402085781097412
"surftemp",29.282377243042,0.0200967788696289
"surftemp",13.1492328643799,0.00480657815933228
"surftemp",13.6427621841431,0
"surftemp",10.9130382537842,0
"surftemp",14.8822765350342,0
"surftemp",8.00080299377441,0.0246902108192444
"surftemp",12.5938177108765,0.0931483507156372
"surftemp",6.70650863647461,0.0774731636047363
"surftemp",18.4097557067871,0.0356185436248779
"surftemp",24.0179748535156,0.0253595113754272
"surftemp",15.2934799194336,0.0158003568649292
"surftemp",14.3316965103149,0.00606942176818848
"surftemp",104.130844116211,0
"surftemp",9.51249122619629,0.0820091962814331
"surftemp",11.1729440689087,0.0867130756378174
"surftemp",7.28597259521484,0.114595890045166
"surftemp",11.3228425979614,0.0843148827552795
"surftemp",10.8343467712402,0.0628085136413574
"surftemp",9.39175415039062,0.0472818613052368
"surftemp",15.4558973312378,0.034586489200592
"surftemp",11.2248096466064,0.00579726696014404
"surftemp",5.45905113220215,0
"surftemp",7.10795021057129,0.116546213626862
"surftemp",9.74306488037109,0.114020824432373
"surftemp",8.85298347473145,0.118628859519958
"surftemp",10.4930982589722,0.104494452476501
"surftemp",14.231390953064,0.0872616171836853
"surftemp",10.282341003418,0.0593552589416504
"surftemp",6.25224208831787,0.0529482364654541
"surftemp",21.8112354278564,0.0425204038619995
"surftemp",19.4890556335449,0.0189006328582764
"surftemp",24.0222988128662,0.00101834535598755
"surftemp",13.7969579696655,0
"surftemp",12.8538227081299,0.121782183647156
"surftemp",13.069393157959,0.10659795999527
"surftemp",10.3661460876465,0.0934545397758484
"surftemp",14.2910318374634,0.0586531162261963
"surftemp",10.5169277191162,0.0449522137641907
"surftemp",11.3616590499878,0.0357804298400879
"surftemp",11.3011159896851,0.0171499252319336
"surftemp",10.3657875061035,0
"surftemp",10.7794141769409,0
"surftemp",10.3459825515747,0.098993182182312
"surftemp",11.6474647521973,0.086642324924469
"surftemp",8.57958030700684,0.0911505222320557
"surftemp",23.8625392913818,0.0294110178947449
"surftemp",26.8927021026611,0.0104279518127441
"surftemp",3.43894839286804,0.0105128288269043
"surftemp",12.0841484069824,0
"surftemp",14.916163444519,0
"surftemp",9.33647918701172,0.0105149745941162
"surftemp",6.771080493927,0.079348623752594
"surftemp",10.882493019104,0.0634112358093262
"surftemp",9.60724353790283,0.0708619356155396
"surftemp",10.0202894210815,0.0741170048713684
"surftemp",8.07664203643799,0.0991762280464172
"surftemp",7.68709087371826,0.0570386648178101
"surftemp",22.6667175292969,0.016386866569519
"surftemp",4.26120948791504,0.00665533542633057
"surftemp",13.8735580444336,0.00356054306030273
"surftemp",15.6995944976807,0
"surftemp",4.18326473236084,0.0157561898231506
"surftemp",13.2502489089966,0.0819242000579834
"surftemp",20.5547828674316,0.0391924977302551
"surftemp",8.79123973846436,0.0668409466743469
"surftemp",12.4889001846313,0.0116304755210876
"surftemp",5.32926940917969,0.00886422395706177
"surftemp",11.4576482772827,0.0162785649299622
"surftemp",11.1981639862061,0.00177204608917236
"surftemp",99.3046188354492,0
"surftemp",14.4546508789062,0.0975626111030579
"surftemp",10.7490787506104,0.0994841456413269
"surftemp",15.4717540740967,0.0692040920257568
"surftemp",10.1020355224609,0.0619188547134399
"surftemp",6.53001594543457,0.038184642791748
"surftemp",31.4578475952148,0.00742644071578979
"surftemp",4.93669414520264,0.00902456045150757
"surftemp",3.95629644393921,0.00738126039505005
"surftemp",13.0711622238159,0
"surftemp",11.5539999008179,0.00749462842941284
"surftemp",12.6367740631104,0.10582023859024
"surftemp",7.14754438400269,0.103713095188141
"surftemp",9.94591331481934,0.0802342891693115
"surftemp",11.5946989059448,0.0639382600784302
"surftemp",7.85753154754639,0.045190155506134
"surftemp",8.53511619567871,0.0301585793495178
"surftemp",9.6691312789917,0.0137597918510437
"surftemp",8.20246887207031,0.00882542133331299
"surftemp",12.5671911239624,0.00836622714996338
"surftemp",3.80212330818176,0.00230103731155396
"surftemp",6.26219701766968,0.0162478089332581
"surftemp",4.89058923721313,0.00809532403945923
"surftemp",6.94655895233154,0.0148381590843201
"surftemp",10.0319290161133,0.102676212787628
"surftemp",6.17631006240845,0.0899649262428284
"surftemp",9.43884468078613,0.0718594789505005
"surftemp",6.54806423187256,0.0480530858039856
"surftemp",11.122501373291,0.0205106139183044
"surftemp",9.74214267730713,0.000453948974609375
"surftemp",8.24175071716309,0.00141751766204834
"surftemp",24.0882034301758,0.00658601522445679
"surftemp",4.69024801254272,0.0288127064704895
"surftemp",10.0185165405273,0
"surftemp",15.8511581420898,0.0134519934654236
"surftemp",8.97603702545166,0.0650927424430847
"surftemp",4.4514045715332,0.00702846050262451
"surftemp",15.6270542144775,0.00214487314224243
"surftemp",12.1498432159424,0.0107622146606445
"surftemp",17.7188739776611,0.0348068475723267
"surftemp",8.77929401397705,0
"surftemp",14.7832632064819,0.0310648679733276
"surftemp",8.53476810455322,0.0204929709434509
"surftemp",8.88601016998291,0.0155185461044312
"surftemp",15.3832588195801,0
"surftemp",97.6300964355469,0.0118860006332397
"surftemp",14.659969329834,0.0243780016899109
"surftemp",11.8266124725342,0.0343585014343262
"surftemp",19.2134838104248,0.0286098718643188
"surftemp",17.8383674621582,0.0187819600105286
"surftemp",12.4484386444092,0
"surftemp",30.5204067230225,0.0365798473358154
"surftemp",22.5214939117432,0.0382541418075562
"surftemp",3.64576005935669,0.0631545782089233
"surftemp",3.90915417671204,0.0364624857902527
"surftemp",7.01487112045288,0.0370049476623535
"surftemp",33.352783203125,0.0262517333030701
"surftemp",8.72259140014648,0.0303048491477966
"bottemp",14.5346174240112,0.144526481628418
"bottemp",11.558479309082,0
"bottemp",11.510064125061,0
"bottemp",10.5499830245972,0.0213348865509033
"bottemp",13.982105255127,0
"bottemp",16.7594718933105,0.0500905513763428
"bottemp",16.6818103790283,0.030866801738739
"bottemp",11.3581800460815,0
"bottemp",14.5921382904053,0.0516009926795959
"bottemp",14.7299509048462,0.0209696292877197
"bottemp",95.1843719482422,0.62367045879364
"bottemp",16.9540309906006,0.0901961922645569
"bottemp",13.1268043518066,0
"bottemp",12.443244934082,0
"bottemp",18.3647232055664,0.015713095664978
"bottemp",11.3428401947021,0.767126828432083
"bottemp",17.2221851348877,0
"bottemp",23.7091827392578,0
"bottemp",21.6909408569336,0.319144904613495
"bottemp",16.3485164642334,0.676624298095703
"bottemp",12.1155920028687,0.585499495267868
"bottemp",26.0161571502686,0.654593497514725
"bottemp",12.9282808303833,0.571329027414322
"bottemp",12.1139039993286,0.522529155015945
"bottemp",77.4432983398438,0.488192200660706
"bottemp",25.7987213134766,0.489637494087219
"bottemp",18.7010097503662,0.709451198577881
"bottemp",16.62721824646,0.0942115187644958
"bottemp",8.11664390563965,0.639786601066589
"bottemp",15.2710981369019,0.122163891792297
"bottemp",10.9760751724243,0.822813019156456
"bottemp",11.3041753768921,0.837223514914513
"bottemp",10.6287984848022,0.774505600333214
"bottemp",10.2779207229614,0.549249529838562
"bottemp",11.0922136306763,0.591587394475937
"bottemp",23.4386157989502,0
"bottemp",13.2084121704102,0.0547754764556885
"bottemp",17.096435546875,0.0922276973724365
"bottemp",10.5452222824097,0.767199262976646
"bottemp",11.3187522888184,0.770903691649437
"bottemp",12.5728483200073,0.823791906237602
"bottemp",10.2765560150146,0.0087440013885498
"bottemp",13.9587116241455,0.0873872041702271
"bottemp",7.05339002609253,0.59923592209816
"bottemp",13.6216411590576,0.789544090628624
"bottemp",12.9207630157471,0.777828395366669
"bottemp",10.6643762588501,0.697717726230621
"bottemp",22.696533203125,0.0645709037780762
"bottemp",15.3448143005371,0.117910087108612
"bottemp",22.5318717956543,0.0348840355873108
"bottemp",7.54637241363525,0.603938460350037
"bottemp",9.24547958374023,0.722820580005646
"bottemp",11.9561986923218,0.89045812189579
"bottemp",12.7485284805298,0.878187708556652
"bottemp",9.85386085510254,0.759804770350456
"bottemp",10.9781894683838,0.805431097745895
"bottemp",8.41777324676514,0.645685940980911
"bottemp",9.64819145202637,0.690449565649033
"bottemp",9.04183006286621,0.601400166749954
"bottemp",10.9036197662354,0.687681555747986
"bottemp",10.8965950012207,0.722678691148758
"bottemp",6.91401052474976,0.560209214687347
"bottemp",18.2069835662842,0.263529181480408
"bottemp",95.4765319824219,0.159178018569946
"bottemp",12.3816204071045,0.903714828193188
"bottemp",9.53293991088867,0.676362246274948
"bottemp",12.1469688415527,0.764022141695023
"bottemp",10.0732660293579,0.606034606695175
"bottemp",16.119930267334,0.785943269729614
"bottemp",10.6134309768677,0.721597850322723
"bottemp",16.5970230102539,0.896490827202797
"bottemp",16.2537326812744,0.825096741318703
"bottemp",10.7569408416748,0.72569951415062
"bottemp",9.55547618865967,0.414632022380829
"bottemp",8.80396842956543,0.585499554872513
"bottemp",13.2085037231445,0.630173236131668
"bottemp",9.23251628875732,0.72168555855751
"bottemp",10.6243352890015,0
"bottemp",13.883246421814,0
"bottemp",12.9409828186035,0
"bottemp",11.9558849334717,0.0482844710350037
"bottemp",88.1777114868164,0.0754847526550293
"bottemp",7.33285522460938,0.568599343299866
"bottemp",14.3329801559448,0.626603901386261
"bottemp",13.0021371841431,0.620522320270538
"bottemp",11.6728839874268,0.769410282373428
"bottemp",17.5769996643066,0.93266423791647
"bottemp",10.8048820495605,0.581304997205734
"bottemp",8.62837600708008,0.529286623001099
"bottemp",103.751411437988,0.947000127285719
"bottemp",12.8280477523804,0.00552225112915039
"bottemp",15.2667322158813,0.344343602657318
"bottemp",22.6066360473633,0.295440196990967
"bottemp",69.6416778564453,0.142589747905731
"bottemp",10.4418077468872,0.774264290928841
"bottemp",10.3842086791992,0.607545226812363
"bottemp",7.4895076751709,0.610547006130219
"bottemp",95.9909439086914,0.520343601703644
"bottemp",10.7185564041138,0
"bottemp",91.8897018432617,0.340430080890656
"bottemp",13.4042282104492,0.240670025348663
"bottemp",35.3068084716797,0.323589682579041
"bottemp",24.7027359008789,0.398211359977722
"bottemp",6.88688945770264,0.587429851293564
"bottemp",7.18857765197754,0.65888711810112
"bottemp",8.07321357727051,0.665205925703049
"bottemp",8.51794147491455,0.617569625377655
"bottemp",8.28294086456299,0.572113305330276
"bottemp",13.7185125350952,0.81345172226429
"bottemp",11.0677890777588,0.772153049707413
"bottemp",9.42718601226807,0.378958582878113
"bottemp",17.8290672302246,0
"bottemp",14.1001672744751,0.00262939929962158
"bottemp",15.6962366104126,0.0539315938949585
"bottemp",12.0438623428345,0.0114462375640869
"bottemp",10.9968700408936,0.0290012359619141
"bottemp",59.3061256408691,0.201203465461731
"bottemp",21.170166015625,0.677086710929871
"bottemp",25.8183555603027,0.615181684494019
"bottemp",20.2326335906982,0.0385444164276123
"bottemp",21.942081451416,0.0521981716156006
"bottemp",17.6074619293213,0.121870815753937
"bottemp",6.8734302520752,0.74039888381958
"bottemp",7.01155281066895,0.664151579141617
"bottemp",8.5499439239502,0.687608271837234
"bottemp",7.85825872421265,0.640358090400696
"bottemp",7.36067771911621,0.595641791820526
"bottemp",8.09564685821533,0.527640074491501
"bottemp",15.6629419326782,0.739432811737061
"bottemp",18.5008506774902,0.656170099973679
"bottemp",11.4097766876221,0.00544309616088867
"bottemp",13.3034143447876,0.031122088432312
"bottemp",15.2056665420532,0.0254769921302795
"bottemp",12.0921993255615,0.00417244434356689
"bottemp",13.0897445678711,0.0417048335075378
"bottemp",8.96955871582031,0
"bottemp",23.1990661621094,0.135586023330688
"bottemp",26.1018695831299,0.410292983055115
"bottemp",18,0.77789905667305
"bottemp",94.9797821044922,0.419503927230835
"bottemp",101.65998840332,0.455022811889648
"bottemp",8.30000019073486,0.605553716421127
"bottemp",7.80283880233765,0.46940815448761
"bottemp",6.64709091186523,0.257239460945129
"bottemp",9.88577938079834,0.612002670764923
"bottemp",11.1048984527588,0.723786532878876
"bottemp",13.4548406600952,0.00259816646575928
"bottemp",22.4814605712891,0.38450288772583
"bottemp",12.8720455169678,0.201461732387543
"bottemp",12.2381601333618,0.0365369319915771
"bottemp",11.0184240341187,0.00981330871582031
"bottemp",19.5783157348633,0.15046238899231
"bottemp",10.975043296814,0.0127779245376587
"bottemp",11.4137420654297,0
"bottemp",6.23186349868774,0
"bottemp",11.0261077880859,0.51009538769722
"bottemp",30.9620418548584,0.525072306394577
"bottemp",10.315954208374,0.400557339191437
"bottemp",8.06338024139404,0.264320492744446
"bottemp",15.7367191314697,0.0305545926094055
"bottemp",22.8308715820312,0.336667478084564
"bottemp",20.1580028533936,0.135818421840668
"bottemp",14.2928256988525,0.0250752568244934
"bottemp",4.00439023971558,0.12723582983017
"bottemp",5.76460361480713,0.0733710527420044
"bottemp",8.9037036895752,0.0320782065391541
"bottemp",27.6646480560303,0.147213757038116
"bottemp",52.308032989502,0.169743597507477
"bottemp",20.0333232879639,0.611326396465302
"bottemp",66.2653350830078,0.366122424602509
"bottemp",22.0854530334473,0.0118356943130493
"bottemp",14.5303297042847,0
"bottemp",19.2950801849365,0.0486502051353455
"bottemp",91.5534439086914,0.109831809997559
"bottemp",13.748085975647,0
"bottemp",14.9461040496826,0
"bottemp",11.764368057251,0.334940910339355
"bottemp",9.09242534637451,0.281236946582794
"bottemp",76.6228408813477,0.221241116523743
"bottemp",9.71429347991943,0.0203075408935547
"bottemp",6.41081094741821,0.0645731091499329
"bottemp",8.55788135528564,0.0665022134780884
"bottemp",4.230055809021,0.0417050123214722
"bottemp",22.8354911804199,0
"bottemp",511.000030517578,0.102861762046814
"bottemp",44.8434944152832,0.152543127536774
"bottemp",23.213996887207,0.672558844089508
"bottemp",15.5868444442749,0.641529709100723
"bottemp",26.4077682495117,0.62075087428093
"bottemp",14.3849201202393,0
"bottemp",34,0.0922596454620361
"bottemp",14.6258878707886,0
"bottemp",13.5753440856934,0
"bottemp",13.5359411239624,0
"bottemp",14.1150550842285,0
"bottemp",14.6962890625,0
"bottemp",28.9461307525635,0.00560462474822998
"bottemp",12.3216829299927,0
"bottemp",14.3537998199463,0.00713849067687988
"bottemp",17.7786102294922,0.0458783507347107
"bottemp",10.9107885360718,0
"bottemp",16.5955257415771,0.0354171395301819
"bottemp",19.6851367950439,0.130488455295563
"bottemp",22.0850162506104,0.257985949516296
"bottemp",5,0.267139256000519
"bottemp",6.82699775695801,0.394626975059509
"bottemp",10.6457595825195,0.478805541992188
"bottemp",40.4968185424805,0.747943669557571
"bottemp",27.693733215332,0.873665511608124
"bottemp",31.1282043457031,0.810940593481064
"bottemp",21.3154563903809,0.770398169755936
"bottemp",6.21527004241943,0.30319219827652
"bottemp",13.9848146438599,0.25584876537323
"bottemp",12.132227897644,0
"bottemp",14.3450736999512,0
"bottemp",14.9455108642578,0.024018406867981
"bottemp",24.3920383453369,0.3084836602211
"bottemp",8.16097450256348,0.112236618995667
"bottemp",6.52652788162231,0.0967886447906494
"bottemp",28.7824058532715,0.150698184967041
"bottemp",103.052200317383,0.133498430252075
"bottemp",14.1237983703613,0.682251304388046
"bottemp",17.9244003295898,0.725533276796341
"bottemp",13.1750745773315,0.628473550081253
"bottemp",13.3607997894287,0.683298230171204
"bottemp",10.6435289382935,0.603766471147537
"bottemp",11.3114786148071,0.654594659805298
"bottemp",11.1071662902832,0.731281340122223
"bottemp",17.6407241821289,0.0123917460441589
"bottemp",14.088152885437,0
"bottemp",23.1491737365723,0
"bottemp",12.4807786941528,0.019416868686676
"bottemp",13.5724411010742,0.100985705852509
"bottemp",13.9820308685303,0
"bottemp",14.0360765457153,0
"bottemp",19.805118560791,0.0430187582969666
"bottemp",10.7755079269409,0
"bottemp",15.5963830947876,0.0065467357635498
"bottemp",9.64794731140137,0
"bottemp",14.71750831604,0.00359874963760376
"bottemp",21.6026363372803,0.145141959190369
"bottemp",12.6595592498779,0
"bottemp",13.0525827407837,0
"bottemp",14.6140270233154,0.0792898535728455
"bottemp",12.7145404815674,0.136650562286377
"bottemp",12.545952796936,0.0715368390083313
"bottemp",5.94412088394165,0.219134032726288
"bottemp",5.96673107147217,0.228584587574005
"bottemp",33.3684997558594,0.744908183813095
"bottemp",21.402853012085,0.747864454984665
"bottemp",18.9580249786377,0.777698203921318
"bottemp",13.0350637435913,0.226398587226868
"bottemp",19.012659072876,0
"bottemp",18.8679485321045,0.0254316926002502
"bottemp",20.6272621154785,0.375395476818085
"bottemp",24.9599094390869,0.231122851371765
"bottemp",4.29676103591919,0
"bottemp",3.47559452056885,0.0291231274604797
"bottemp",3.66611313819885,0.0779663920402527
"bottemp",3.79983997344971,0.1366366147995
"bottemp",63.6428833007812,0.128932893276215
"bottemp",12.6654443740845,0.651477187871933
"bottemp",14.38196849823,0.701679140329361
"bottemp",22.5791606903076,0.777531802654266
"bottemp",15.1371450424194,0.696223378181458
"bottemp",11.3676137924194,0.618955701589584
"bottemp",11.4606199264526,0.729604035615921
"bottemp",15.3949460983276,0.829953104257584
"bottemp",11.855658531189,0.777444377541542
"bottemp",12.7475538253784,0.86696919798851
"bottemp",95.0581665039062,0.326235711574554
"bottemp",15.9611034393311,0
"bottemp",90.1451568603516,0.290673911571503
"bottemp",14.8863906860352,0
"bottemp",30.456916809082,0.107208907604218
"bottemp",11.6605339050293,0.0250775218009949
"bottemp",10.667534828186,0
"bottemp",11.2570676803589,0
"bottemp",10.5307149887085,0
"bottemp",11.9637660980225,0
"bottemp",10.1561193466187,0
"bottemp",9.86641883850098,0
"bottemp",14.3843698501587,0
"bottemp",21.5129203796387,0.0491913557052612
"bottemp",12.4631195068359,0
"bottemp",11.0787620544434,0
"bottemp",12.4546518325806,0
"bottemp",19.9812698364258,0.146965563297272
"bottemp",14.4536771774292,0.115992367267609
"bottemp",11.9193496704102,0.0709618330001831
"bottemp",5.66308784484863,0.178750574588776
"bottemp",9.40501976013184,0.259983956813812
"bottemp",11.4516515731812,0.610426753759384
"bottemp",35.9782943725586,0.951831463724375
"bottemp",7.69633960723877,0
"bottemp",18.1318550109863,0
"bottemp",95.2350692749023,0
"bottemp",20.5386905670166,0.586937338113785
"bottemp",297.799987792969,0.070525050163269
"bottemp",5.66720628738403,0.0109819173812866
"bottemp",4.15053558349609,0.0500593781471252
"bottemp",31.0234966278076,0.112358808517456
"bottemp",15.410327911377,0.646650850772858
"bottemp",13.5777816772461,0.6444251537323
"bottemp",17.3665771484375,0.794238865375519
"bottemp",16.0357646942139,0.786306157708168
"bottemp",10.3113603591919,0.664234548807144
"bottemp",11.9627065658569,0.71674507856369
"bottemp",14.0029201507568,0.889421291649342
"bottemp",17.371410369873,0
"bottemp",12.9621248245239,0
"bottemp",30.456916809082,0.101052045822144
"bottemp",18.0861129760742,0.0734128355979919
"bottemp",19.3834075927734,0
"bottemp",16.1209850311279,0.0993167757987976
"bottemp",13.169282913208,0.0194327831268311
"bottemp",11.5859088897705,0.000697016716003418
"bottemp",10.9846515655518,0
"bottemp",12.9751501083374,0
"bottemp",11.3137626647949,0
"bottemp",14.8819332122803,0.0600559115409851
"bottemp",12.2180814743042,0
"bottemp",13.0859603881836,0
"bottemp",10.6221323013306,0
"bottemp",12.6792097091675,0.612486630678177
"bottemp",13.2232151031494,0
"bottemp",19.5992069244385,0
"bottemp",16.8041648864746,0
"bottemp",27.2072067260742,0
"bottemp",20.5945320129395,0.186536073684692
"bottemp",26.7172298431396,0.325940072536469
"bottemp",28.361946105957,0.180936753749847
"bottemp",22.8874664306641,0.186518430709839
"bottemp",24.9572105407715,0.0930803418159485
"bottemp",90.7328720092773,0.0486153960227966
"bottemp",51.9557228088379,0.126207649707794
"bottemp",10.9821577072144,0.664057850837708
"bottemp",12.0836191177368,0.580316752195358
"bottemp",14.906530380249,0.771655559539795
"bottemp",10.2801895141602,0
"bottemp",24.4866733551025,0
"bottemp",16.147388458252,0.0205316543579102
"bottemp",12.9757289886475,0
"bottemp",18.1260681152344,0.166094720363617
"bottemp",16.4341354370117,0.105489730834961
"bottemp",13.8901376724243,0.100583851337433
"bottemp",18.4204998016357,0
"bottemp",22.5462322235107,0.0298618674278259
"bottemp",12.2806606292725,0
"bottemp",9.76225471496582,0
"bottemp",14.2398500442505,0.0423997044563293
"bottemp",15.139196395874,0.16370016336441
"bottemp",6.14935255050659,0.148699879646301
"bottemp",15.6530866622925,0.741422027349472
"bottemp",25.3467330932617,0.858267098665237
"bottemp",14.3373870849609,0
"bottemp",11.5055227279663,0
"bottemp",101.495903015137,0
"bottemp",24.804313659668,0.203530311584473
"bottemp",18.8027725219727,0.221875905990601
"bottemp",20.377420425415,0.104404747486115
"bottemp",20.2715625762939,0.293026626110077
"bottemp",58.2750091552734,0.304576516151428
"bottemp",5.73557472229004,0
"bottemp",31.9862079620361,0.220230758190155
"bottemp",5.7248649597168,0.0135811567306519
"bottemp",28.4350128173828,0.133743345737457
"bottemp",24.5393714904785,0.176000595092773
"bottemp",5.35027170181274,0
"bottemp",20.4168758392334,0.146020948886871
"bottemp",15.6233701705933,0.222041547298431
"bottemp",12.1909608840942,0.18840879201889
"bottemp",12.0195140838623,0.127395212650299
"bottemp",13.9387588500977,0.0140517950057983
"bottemp",12.5057802200317,0.00227755308151245
"bottemp",15.3193845748901,0
"bottemp",9.70245742797852,0
"bottemp",16.3217945098877,0.160589933395386
"bottemp",12.0289335250854,0
"bottemp",15.5016670227051,0.0811946392059326
"bottemp",10.3481302261353,0
"bottemp",11.5099039077759,0
"bottemp",5.73705196380615,0.171004056930542
"bottemp",35.8874626159668,0.603349775075912
"bottemp",16.5904846191406,0.771044656634331
"bottemp",15.7383575439453,0.787715673446655
"bottemp",12.4219598770142,0.158939242362976
"bottemp",21.9091644287109,0.385876417160034
"bottemp",11.9616231918335,0
"bottemp",14.4534435272217,0.0248761177062988
"bottemp",18.2607860565186,0.189950287342072
"bottemp",12.7597217559814,0.137970983982086
"bottemp",14.847354888916,0.0406324863433838
"bottemp",11.1893529891968,0.411774814128876
"bottemp",30.039249420166,0.437479853630066
"bottemp",3.76555156707764,0
"bottemp",5.1391396522522,0
"bottemp",44.8139953613281,0.11397385597229
"bottemp",13.5127820968628,0.228258311748505
"bottemp",12.0474910736084,0.218007981777191
"bottemp",16.2496910095215,0.084678053855896
"bottemp",7.88116455078125,0.0173556208610535
"bottemp",10.0750913619995,0.00977396965026855
"bottemp",10.43834400177,0.0103884339332581
"bottemp",13.8777894973755,0.0981436371803284
"bottemp",18.5589923858643,0.0950376987457275
"bottemp",11.8876390457153,0
"bottemp",19.8678684234619,0.759668692946434
"bottemp",15.7994985580444,0.678790599107742
"bottemp",24.8959407806396,0.659439027309418
"bottemp",28.8770847320557,0.65134471654892
"bottemp",17.4074172973633,0.0286677479743958
"bottemp",59.7753562927246,0.132340013980865
"bottemp",20.5027751922607,0.123519062995911
"bottemp",21.6992092132568,0.109675288200378
"bottemp",11.2348670959473,0
"bottemp",16.1193675994873,0.154733717441559
"bottemp",14.6763305664062,0.251025676727295
"bottemp",16.8805160522461,0.294206500053406
"bottemp",29.4654655456543,0.240184366703033
"bottemp",5.15296602249146,0
"bottemp",5.07208871841431,0.0135537385940552
"bottemp",27.7609119415283,0.129444301128387
"bottemp",5.08583164215088,0
"bottemp",28.4139633178711,0.0699150562286377
"bottemp",26.9298133850098,0.0619659423828125
"bottemp",26.3010311126709,0.0867962837219238
"bottemp",13.8268775939941,0.257331550121307
"bottemp",23.6167449951172,0.161664605140686
"bottemp",16.4243831634521,0.33917897939682
"bottemp",10.7583656311035,0.0230318307876587
"bottemp",12.5871515274048,0.132574856281281
"bottemp",8.54650592803955,0
"bottemp",11.511981010437,0.0995691418647766
"bottemp",22.7607593536377,0.218914091587067
"bottemp",17.9333209991455,0.100544989109039
"bottemp",3.27457618713379,0.0137030482292175
"bottemp",12.1825704574585,0.00478672981262207
"bottemp",56.9088592529297,0.799686923623085
"bottemp",79.7199325561523,0.859353467822075
"bottemp",14.2461624145508,0.133961081504822
"bottemp",119.7216796875,0.286464154720306
"bottemp",22.1681728363037,0.283121943473816
"bottemp",28.5764274597168,0.124105513095856
"bottemp",20.9553031921387,0.332927584648132
"bottemp",29.4323406219482,0.338495314121246
"bottemp",5.068603515625,0
"bottemp",4.20243167877197,0
"bottemp",101.310821533203,0.24683153629303
"bottemp",26.2861022949219,0.0619289875030518
"bottemp",17.416898727417,0.313596963882446
"bottemp",12.1114664077759,0.343806028366089
"bottemp",12.0757074356079,0.352345049381256
"bottemp",10.6996421813965,0.30300372838974
"bottemp",7.17766523361206,0.13799774646759
"bottemp",12.0634174346924,0.29628998041153
"bottemp",13.6094846725464,0.320653319358826
"bottemp",10.4851751327515,0.166005492210388
"bottemp",10.9321155548096,0.226160109043121
"bottemp",15.1951332092285,0.263137876987457
"bottemp",8.04288578033447,0
"bottemp",12.589994430542,0.0775314569473267
"bottemp",14.4855432510376,0.108905673027039
"bottemp",12.9946613311768,0.148052513599396
"bottemp",15.9209623336792,0.062703549861908
"bottemp",7.80730152130127,0
"bottemp",84.4827041625977,0.184013605117798
"bottemp",12.6000852584839,0.146921873092651
"bottemp",12.3395261764526,0
"bottemp",16.0663585662842,0.00608843564987183
"bottemp",13.3797569274902,0.317375659942627
"bottemp",6.4748420715332,0.286567270755768
"bottemp",29.0733280181885,0.144260704517365
"bottemp",4.29653215408325,0
"bottemp",28.9970703125,0.0834880471229553
"bottemp",13.4153642654419,0.259684503078461
"bottemp",11.4745826721191,0.260325074195862
"bottemp",31.0835704803467,0.21026200056076
"bottemp",7.82626962661743,0.27367752790451
"bottemp",13.6568918228149,0.242123365402222
"bottemp",5.91633272171021,0.0755380988121033
"bottemp",11.2155590057373,0.393817722797394
"bottemp",30.7211036682129,0.536617577075958
"bottemp",12.6500568389893,0.351082921028137
"bottemp",10.866286277771,0.31328272819519
"bottemp",10.0366144180298,0.252764582633972
"bottemp",14.8801937103271,0.309258103370667
"bottemp",14.5902290344238,0.284475147724152
"bottemp",13.5638647079468,0.163207173347473
"bottemp",11.70055103302,0.243863821029663
"bottemp",9.09082889556885,0.164122700691223
"bottemp",15.1451034545898,0.163282632827759
"bottemp",8.18367099761963,0
"bottemp",14.3257913589478,0.20117062330246
"bottemp",5.88375806808472,0.0407499074935913
"bottemp",8.52764415740967,0
"bottemp",8.05352210998535,0.125339865684509
"bottemp",6.44203329086304,0.139217436313629
"bottemp",25.1723880767822,0.182836353778839
"bottemp",4.26273393630981,0
"bottemp",3.7419605255127,0
"bottemp",5.24899482727051,0
"bottemp",5.81685543060303,0.0250174403190613
"bottemp",6.54476690292358,0.0126989483833313
"bottemp",6.40849447250366,0.00489461421966553
"bottemp",8.88162612915039,0.159209966659546
"bottemp",13.6394023895264,0.27033543586731
"bottemp",8.94944381713867,0.264024674892426
"bottemp",38.979866027832,0.332110106945038
"bottemp",23.9874629974365,0.519000560045242
"bottemp",13.2349319458008,0.472996413707733
"bottemp",32.0162048339844,0.352627396583557
"bottemp",31.490966796875,0.295614778995514
"bottemp",26.8881530761719,0.382918536663055
"bottemp",19.3413581848145,0.0993871688842773
"bottemp",13.4785642623901,0.181654214859009
"bottemp",8.61493301391602,0.0772071480751038
"bottemp",11.3448438644409,0
"bottemp",17.3433113098145,0.659804254770279
"bottemp",13.4114427566528,0.0215510129928589
"bottemp",20.1815414428711,0.0919583439826965
"bottemp",10.1946773529053,0
"bottemp",20.6055564880371,0
"bottemp",29.179594039917,0.148122727870941
"bottemp",26.1949405670166,0.246343076229095
"bottemp",4.92596530914307,0
"bottemp",6.67949628829956,0
"bottemp",9.28311920166016,0.104833602905273
"bottemp",25.4120826721191,0.22929048538208
"bottemp",11.3284521102905,0.215060889720917
"bottemp",14.6042394638062,0.262961030006409
"bottemp",34.3009719848633,0.365794479846954
"bottemp",9.8925256729126,0.254368185997009
"bottemp",30.6538410186768,0.235968708992004
"bottemp",29.6414394378662,0.245607852935791
"bottemp",33.0328903198242,0.239679157733917
"bottemp",12.9643077850342,0.253684639930725
"bottemp",8.16732406616211,0.196565926074982
"bottemp",9.38536930084229,0.180480480194092
"bottemp",8.05311298370361,0
"bottemp",9.77743721008301,0
"bottemp",10.040358543396,0
"bottemp",12.3536500930786,0
"bottemp",6.08313131332397,0
"bottemp",12.2283525466919,0
"bottemp",22.0674629211426,0.108558714389801
"bottemp",18.2251968383789,0.294759035110474
"bottemp",30.0366096496582,0
"bottemp",7.68785047531128,0
"bottemp",4.87067317962646,0.0223783254623413
"bottemp",76.1841812133789,0.145969390869141
"bottemp",6.4702091217041,0.0188942551612854
"bottemp",10.4598741531372,0.173201322555542
"bottemp",11.3979959487915,0.176424384117126
"bottemp",9.56113243103027,0.213923394680023
"bottemp",8.35891914367676,0.11012190580368
"bottemp",29.5339832305908,0.355956256389618
"bottemp",28.4568786621094,0.306129693984985
"bottemp",29.7510375976562,0.162765979766846
"bottemp",12.5756931304932,0.131312727928162
"bottemp",10.5033349990845,0.0498033165931702
"bottemp",10.1352949142456,0.0206616520881653
"bottemp",8.48864078521729,0.0025973916053772
"bottemp",13.9150905609131,0
"bottemp",10.2678165435791,0.00304996967315674
"bottemp",18.6627197265625,0.0421674251556396
"bottemp",23.9536609649658,0.248867273330688
"bottemp",7.86572217941284,0.21599680185318
"bottemp",12.957667350769,0.0210549235343933
"bottemp",4.81155395507812,0.103233814239502
"bottemp",15.4233112335205,0.103482961654663
"bottemp",6.019700050354,0.00925618410110474
"bottemp",7.19466257095337,0.0290511250495911
"bottemp",5.36707639694214,0.0148138403892517
"bottemp",9.1436824798584,0.146120369434357
"bottemp",10.833890914917,0.18101966381073
"bottemp",30.6906337738037,0.475588083267212
"bottemp",43.1575698852539,0.203428089618683
"bottemp",8.90498924255371,0.18760746717453
"bottemp",19.7140789031982,0.258967697620392
"bottemp",15.4937105178833,0.308473765850067
"bottemp",8.65681266784668,0.000100433826446533
"bottemp",9.68558120727539,0
"bottemp",13.67564868927,0
"bottemp",15.6576089859009,0.0298937559127808
"bottemp",7.48759269714355,0.00526899099349976
"bottemp",14.1616849899292,0.0284957885742188
"bottemp",4.22757530212402,0.00996887683868408
"bottemp",3.3387336730957,0.0164502859115601
"bottemp",5.67279005050659,0.112427115440369
"bottemp",5.65205669403076,0.121798157691956
"bottemp",5.75531244277954,0.222199380397797
"bottemp",6.45634794235229,0
"bottemp",4.93919897079468,0
"bottemp",3.3906102180481,0.0358542799949646
"bottemp",4.07833051681519,0.0185245871543884
"bottemp",8.19545364379883,0.0912407636642456
"bottemp",8.45081996917725,0.133640825748444
"bottemp",19.4822998046875,0.331652760505676
"bottemp",15.5152206420898,0.457447648048401
"bottemp",9.71103668212891,0.190316438674927
"bottemp",33.1066246032715,0.165166974067688
"bottemp",11.5597677230835,0.199305891990662
"bottemp",10.9283351898193,0.139200568199158
"bottemp",13.2310667037964,0.048685610294342
"bottemp",11.8313541412354,0.107009172439575
"bottemp",8.51930809020996,0.0787473917007446
"bottemp",6.06708383560181,0.121644198894501
"bottemp",4.33788347244263,0.116689801216125
"bottemp",6.3843846321106,0.206200420856476
"bottemp",9.22856330871582,0.248448193073273
"bottemp",6.93012571334839,0.216912627220154
"bottemp",13.8330354690552,0.0558761358261108
"bottemp",26.120433807373,0.370387315750122
"bottemp",17.446590423584,0.335387587547302
"bottemp",9.41220283508301,0.109882116317749
"bottemp",8.95006465911865,0.183078169822693
"bottemp",26.6959629058838,0.56886500120163
"bottemp",13.2290735244751,0.0234887003898621
"bottemp",11.5021371841431,0.0818012356758118
"bottemp",27.3064918518066,0.112195074558258
"bottemp",4.2263765335083,0.0962967872619629
"bottemp",5.94342613220215,0.111576020717621
"bottemp",4.85473203659058,0.198882579803467
"bottemp",29.9793834686279,0.355583131313324
"bottemp",5.08218193054199,0
"bottemp",18.5386238098145,0.234175264835358
"bottemp",27.4346561431885,0.448872447013855
"bottemp",9.8984432220459,0.115570604801178
"bottemp",13.9325275421143,0.397473573684692
"bottemp",11.8292083740234,0.435341060161591
"bottemp",8.73193836212158,0.182361602783203
"bottemp",17.6829795837402,0
"bottemp",16.385669708252,0
"bottemp",18.4495830535889,0.0910068154335022
"bottemp",15.371883392334,0.214673936367035
"bottemp",4.04057788848877,0.116948485374451
"bottemp",4.18592023849487,0.145238161087036
"bottemp",3.65803194046021,0.20111870765686
"bottemp",10.2750635147095,0.391661703586578
"bottemp",29.1468734741211,0.401492774486542
"bottemp",16.7863807678223,0.569184005260468
"bottemp",16.9821968078613,0.54184564948082
"bottemp",5.03912496566772,0.0319897532463074
"bottemp",32.3931274414062,0.332726716995239
"bottemp",13.2218656539917,0
"bottemp",19.0823764801025,0.0909176468849182
"bottemp",4.02029514312744,0.153392374515533
"bottemp",5.29353952407837,0.151972830295563
"bottemp",5.11966753005981,0.192815721035004
"bottemp",3.59757399559021,0.198813438415527
"bottemp",12.4460191726685,0.402901947498322
"bottemp",7.68280696868896,0
"bottemp",8.98139190673828,0
"bottemp",8.25234413146973,0.0673326849937439
"bottemp",17.5929088592529,0.398976743221283
"bottemp",4.48516845703125,0.145513117313385
"bottemp",3.40691542625427,0.0369755625724792
"bottemp",3.09198665618896,0.036767840385437
"bottemp",19.2314586639404,0.519897699356079
"bottemp",26.8567409515381,0.598584622144699
"bottemp",8.57941246032715,0
"bottemp",20.5200328826904,0
"bottemp",4.86116886138916,0.248093247413635
"bottemp",3.67164754867554,0.108804523944855
"bottemp",4.3279767036438,0.240298748016357
"bottemp",3.50555992126465,0.120390951633453
"bottemp",5.20315647125244,0.0332145094871521
"bottemp",10.8123865127563,0.260418474674225
"bottemp",19.7850246429443,0.966826621443033
"bottemp",6.9278564453125,0
"bottemp",10.4786977767944,0.0459340810775757
"bottemp",4.31613636016846,0.192926406860352
"bottemp",5.67130947113037,0.254254281520844
"bottemp",4.36019420623779,0.198593974113464
"bottemp",18.1047286987305,0.658223181962967
"bottemp",27.9345169067383,0.883925341069698
"bottemp",3.60891175270081,0.0408856868743896
"bottemp",8.61842155456543,0.182509362697601
"bottemp",12.4221897125244,0.217576324939728
"bottemp",3.92407059669495,0.0197169780731201
"bottemp",17.2238082885742,0.0550827383995056
"bottemp",11.2493982315063,0.473802745342255
"bottemp",6.33936500549316,0
"bottemp",6.15508508682251,0
"bottemp",12.0357112884521,0.0269562602043152
"bottemp",6.9524302482605,0.114170074462891
"bottemp",16.7933235168457,0.261883318424225
"bottemp",6.08749151229858,0.665727585554123
"bottemp",5.55724477767944,0.29366260766983
"bottemp",8.17012786865234,0.499314427375793
"bottemp",55.144947052002,0.545400142669678
"bottemp",4.29416704177856,0.0309907197952271
"bottemp",8.80398941040039,0.130548357963562
"bottemp",6.95119333267212,0.147632539272308
"bottemp",16.3538608551025,0.214488446712494
"bottemp",5.60677003860474,0.570557743310928
"bottemp",34.7355690002441,0.481815040111542
"bottemp",3.02058100700378,0.0530905723571777
"bottemp",5.75243616104126,0.129034996032715
"bottemp",29.6275272369385,0.308661103248596
"bottemp",29.4603328704834,0.340947866439819
"bottemp",4.43769598007202,0.0830832719802856
"bottemp",5.03482103347778,0.0378335118293762
"bottemp",5.9100980758667,0.0162665843963623
"bottemp",5.02165651321411,0.0277983546257019
"bottemp",19.1061935424805,0
"bottemp",29.0645408630371,0.529737323522568
"bottemp",20.1238594055176,0.42280238866806
"bottemp",20.7956066131592,0.341052293777466
"bottemp",37.5729637145996,0.350248694419861
"bottemp",22.4533061981201,0.567066550254822
"bottemp",29.7577991485596,0.492867290973663
"bottemp",19.9714832305908,0.225708246231079
"bottemp",23.8318901062012,0.299779951572418
"bottemp",10.6468696594238,0.0637577772140503
"bottemp",9.29087162017822,0.0859650373458862
"bottemp",7.34211826324463,0.346761524677277
"bottemp",6.95943260192871,0.0978590250015259
"bottemp",6.36333084106445,0.14148336648941
"bottemp",4.56245565414429,0
"bottemp",6.47814464569092,0.0735095143318176
"bottemp",7.6506667137146,0.172175168991089
"bottemp",9.14908409118652,0.231121957302094
"bottemp",22.4449462890625,0.438331604003906
"bottemp",28.1855754852295,0.619322210550308
"bottemp",31.6136131286621,0.805288895964622
"bottemp",16.6475143432617,0.0936744809150696
"bottemp",23.6764125823975,0.461670637130737
"bottemp",5.84469604492188,0.0818635821342468
"bottemp",35.8687744140625,0.0276094675064087
"bottemp",15.1673097610474,0.0725295543670654
"bottemp",27.373743057251,0.0615434646606445
"bottemp",28.4802360534668,0.641477823257446
"bottemp",22.925666809082,0.980051903054118
"bottemp",21.4795322418213,0.325879991054535
"bottemp",17.7200298309326,0.271699786186218
"bottemp",16.6286964416504,0.122434437274933
"bottemp",17.4794445037842,0.348888456821442
"bottemp",21.4889965057373,0.874159067869186
"bottemp",14.0937423706055,0.370725274085999
"bottemp",17.6956310272217,0.395683467388153
"bottemp",18.4514083862305,0.375449955463409
"bottemp",26.3390560150146,0.348928570747375
"bottemp",16.3545703887939,0.280919969081879
"bottemp",19.5284690856934,0.252471804618835
"bottemp",14.8150625228882,0.705128222703934
"bottemp",25.5553112030029,0.476678073406219
"bottemp",14.1642045974731,0.345897257328033
"bottemp",12.1749858856201,0.33165043592453
"bottemp",19.1729431152344,0.397966206073761
"bottemp",23.2647495269775,0.3769251704216
"bottemp",14.176513671875,0.284352958202362
"bottemp",18.776647567749,0.311223685741425
"bottemp",14.8336172103882,0.299437999725342
"bottemp",19.7906646728516,0.864696472883224
"bottemp",24.5279369354248,0.779161646962166
"bottemp",14.1111087799072,0.586064696311951
"bottemp",11.4770975112915,0.310321867465973
"bottemp",12.6092910766602,0.367526829242706
"bottemp",13.2514724731445,0.390279352664948
"bottemp",12.2487745285034,0.438245534896851
"bottemp",12.434045791626,0.394151747226715
"bottemp",16.6497344970703,0.357376873493195
"bottemp",16.0739250183105,0.125175654888153
"bottemp",10.6517496109009,0.21031379699707
"bottemp",16.3976554870605,0.426768600940704
"bottemp",13.5610685348511,1
"bottemp",11.799262046814,0.770436435937881
"bottemp",18.7746715545654,0.986328909173608
"bottemp",33.5,0.825291723012924
"bottemp",14.9207983016968,0.819264471530914
"bottemp",13.1229619979858,0.628321796655655
"bottemp",11.9647731781006,0.567068964242935
"bottemp",12.5644483566284,0.448335766792297
"bottemp",13.2291994094849,0.443296432495117
"bottemp",14.5378103256226,0.468737006187439
"bottemp",9.34319400787354,0.383563220500946
"bottemp",16.9386653900146,0.460675597190857
"bottemp",14.1199541091919,0.460153579711914
"bottemp",13.8134031295776,0.50028595328331
"bottemp",19.3367137908936,0.416384279727936
"bottemp",17.0830345153809,0.405936598777771
"bottemp",10.0632648468018,0.221507132053375
"bottemp",6.87352561950684,0.03507399559021
"bottemp",19.2256660461426,1
"bottemp",13.9757213592529,0.864005371928215
"bottemp",14.9214973449707,0.879857271909714
"bottemp",25.4812793731689,0.838095605373383
"bottemp",13.4053659439087,0.8369200527668
"bottemp",22.217435836792,0.770535469055176
"bottemp",10.3038101196289,0.638319402933121
"bottemp",12.2756261825562,0.541435658931732
"bottemp",10.5981388092041,0.451127171516418
"bottemp",13.4536943435669,0.508890271186829
"bottemp",13.4984159469604,0.537992835044861
"bottemp",11.8468828201294,0.506836026906967
"bottemp",9.55771923065186,0.464738190174103
"bottemp",8.32713890075684,0.372698783874512
"bottemp",16.2115364074707,0.496597707271576
"bottemp",13.8029880523682,0.447624742984772
"bottemp",10.3610897064209,0.218129992485046
"bottemp",14.6160974502563,0.502244412899017
"bottemp",8.73553466796875,0.204317927360535
"bottemp",11.685848236084,0.232100546360016
"bottemp",12.1951732635498,0.356323063373566
"bottemp",36.2518768310547,1
"bottemp",11.0650615692139,0.377502620220184
"bottemp",11.6281127929688,0.683853387832642
"bottemp",14.610053062439,0.750486642122269
"bottemp",14.7353076934814,0.702495247125626
"bottemp",17.8877983093262,0.747118979692459
"bottemp",11.1585607528687,0.53941011428833
"bottemp",11.0871658325195,0.479693472385406
"bottemp",13.2430582046509,0.470524072647095
"bottemp",15.7959442138672,0.459138035774231
"bottemp",17.8438148498535,0.480312764644623
"bottemp",14.3035383224487,0.473339021205902
"bottemp",9.74961471557617,0.392601132392883
"bottemp",12.0856904983521,0.525435596704483
"bottemp",13.7556304931641,0.51735520362854
"bottemp",12.1412963867188,0.428109705448151
"bottemp",16.2198753356934,0.44017231464386
"bottemp",17.5461978912354,0.508468061685562
"bottemp",24.7037525177002,0.521562546491623
"bottemp",12.7995195388794,0.409878373146057
"bottemp",7.66506338119507,0.113864004611969
"bottemp",12.1692199707031,0.415759563446045
"bottemp",10.5361204147339,0.269278109073639
"bottemp",13.9683609008789,0.265228033065796
"bottemp",47.4217338562012,0.426762223243713
"bottemp",36.8077163696289,0.587756484746933
"bottemp",13.0075445175171,0.413833916187286
"bottemp",19.2225589752197,1
"bottemp",17.9164695739746,0.785509198904037
"bottemp",14.3747215270996,0.910748057067394
"bottemp",12.1340284347534,0.764803722500801
"bottemp",10.1522073745728,0.64404508471489
"bottemp",28.8694801330566,0.630244642496109
"bottemp",12.770923614502,0.66434320807457
"bottemp",22.4220771789551,0.385615110397339
"bottemp",8.63692474365234,0.172626376152039
"bottemp",45.4339942932129,0.381855010986328
"bottemp",21.2510814666748,0.406566739082336
"bottemp",10.0646572113037,0.174267530441284
"bottemp",9.71953010559082,0.155384600162506
"bottemp",11.3856163024902,0.373604655265808
"bottemp",14.512825012207,0.328958988189697
"bottemp",19.6463661193848,0.156112432479858
"bottemp",22.4490146636963,0.78323133289814
"bottemp",12.1295566558838,0.692497372627258
"bottemp",15.0801267623901,0.727764695882797
"bottemp",13.2222242355347,0.79246811568737
"bottemp",31.8814029693604,0.505732029676437
"bottemp",36.7567367553711,0.243096768856049
"bottemp",15.5442171096802,0.188989043235779
"bottemp",17.3520469665527,0.445026755332947
"bottemp",11.4087181091309,0.080200731754303
"bottemp",15.5822725296021,0.383877336978912
"bottemp",6.99546527862549,0.213255763053894
"bottemp",11.7741994857788,0.438687086105347
"bottemp",9.49303436279297,0.597159773111343
"bottemp",15.5236883163452,0.649932116270065
"bottemp",11.8030233383179,0.0403335094451904
"bottemp",58.1069107055664,0.323175489902496
"bottemp",16.6604862213135,0.206233084201813
"bottemp",38.0016021728516,0.382140874862671
"bottemp",7.14324951171875,0
"bottemp",9.96937847137451,0.44833904504776
"bottemp",6.84346723556519,0.427814245223999
"bottemp",12.3404712677002,0.14940482378006
"bottemp",19.2024002075195,0.630476593971252
"bottemp",26.3868350982666,0.600486934185028
"bottemp",14.9128932952881,0.483838379383087
"bottemp",16.9302291870117,0.243850290775299
"bottemp",9.87658882141113,0.316215097904205
"bottemp",11.4453153610229,0.317749738693237
"bottemp",9.38211536407471,0.0878719091415405
"bottemp",25.9689617156982,0.498836994171143
"bottemp",11.4510517120361,0.0767053961753845
"bottemp",16.3564052581787,0.0179046392440796
"bottemp",11.4087762832642,0.0555728077888489
"bottemp",8.07660675048828,0.248409926891327
"bottemp",13.3781757354736,0.384121537208557
"bottemp",16.0697708129883,0.446767151355743
"bottemp",11.2442512512207,0.176338672637939
"bottemp",9.38959312438965,0.245576620101929
"bottemp",11.4497480392456,0.15295535326004
"bottemp",32.4055786132812,0.558014899492264
"bottemp",12.9848155975342,0
"bottemp",12.7184448242188,0.463784158229828
"bottemp",17.0449028015137,0.464654684066772
"bottemp",22.5286102294922,0.508164048194885
"bottemp",9.86387634277344,0.0955179929733276
"bottemp",9.2161340713501,0.336657524108887
"bottemp",18.1097888946533,0.490868628025055
"bottemp",13.1240558624268,0.362412512302399
"bottemp",16.8263835906982,0.210090219974518
"bottemp",14.9269971847534,0.530256718397141
"bottemp",12.8572254180908,0.42756861448288
"bottemp",3.70000004768372,0.0293415784835815
"bottemp",12.3696804046631,0.363209664821625
"bottemp",11.5993785858154,0.189995944499969
"bottemp",12.3370933532715,0.200849294662476
"bottemp",10.2543382644653,0.0989949107170105
"bottemp",10.9285593032837,0.193660080432892
"bottemp",9.84976577758789,0
"bottemp",12.0688714981079,0.429299592971802
"bottemp",11.6232852935791,0.428418040275574
"bottemp",17.3439826965332,0.454624593257904
"bottemp",11.7874870300293,0.353274643421173
"bottemp",21.408224105835,0.184305369853973
"bottemp",7.33805656433105,0
"bottemp",33.8766059875488,0.473436176776886
"bottemp",12.6073637008667,0.296209394931793
"bottemp",19.456859588623,0.475926578044891
"bottemp",15.4011840820312,0.474290072917938
"bottemp",10.919225692749,0.0766878724098206
"bottemp",11.3727588653564,0.185837805271149
"bottemp",16.129093170166,0.0462735295295715
"bottemp",13.1865167617798,0.0604104995727539
"bottemp",12.7466659545898,0.105511128902435
"bottemp",12.6228466033936,0.15878701210022
"bottemp",12.6533041000366,0.30711817741394
"bottemp",10.672589302063,0.0637320876121521
"bottemp",6.71888589859009,0.0333723425865173
"bottemp",13.6992673873901,0.588545233011246
"bottemp",14.2102870941162,0.322516918182373
"bottemp",11.9552059173584,0.228372097015381
"bottemp",13.1164522171021,0
"bottemp",11.6628484725952,0.142185807228088
"bottemp",12.911096572876,0.232152819633484
"bottemp",12.746561050415,0.478255391120911
"bottemp",7.453528881073,0.0442425608634949
"bottemp",9.66303062438965,0.505667597055435
"bottemp",8.41704654693604,0.144906401634216
"bottemp",12.5513753890991,0.167285978794098
"bottemp",15.5656023025513,0.255810141563416
"bottemp",11.9700593948364,0.165499687194824
"bottemp",10.8548574447632,0.182353079319
"bottemp",13.4727306365967,0.233539521694183
"bottemp",23.0902042388916,0.387173771858215
"bottemp",16.0801944732666,0.551024854183197
"bottemp",14.8669118881226,0.515263676643372
"bottemp",12.9890012741089,0.387619137763977
"bottemp",11.8927707672119,0.0199353098869324
"bottemp",16.7007312774658,0.522268414497375
"bottemp",11.9752359390259,0.381109178066254
"bottemp",9.65827941894531,0.211161196231842
"bottemp",11.2850856781006,0.366014301776886
"bottemp",10.7509689331055,0.337327361106873
"bottemp",13.4278240203857,0.289786696434021
"bottemp",11.2123050689697,0.185531198978424
"bottemp",11.8514642715454,0.18299925327301
"bottemp",12.9609222412109,0.165880560874939
"bottemp",9.26615142822266,0.0205143690109253
"bottemp",8.18846035003662,0.103948533535004
"bottemp",11.5887355804443,0.278524160385132
"bottemp",7.31064891815186,0.0418077111244202
"bottemp",8.99257373809814,0.152923405170441
"bottemp",9.65498638153076,0.27069878578186
"bottemp",15.2320852279663,0.486262738704681
"bottemp",14.3199625015259,0.495197117328644
"bottemp",14.1863641738892,0.283767282962799
"bottemp",10.6975431442261,0.16633003950119
"bottemp",11.9270925521851,0.0327844023704529
"bottemp",14.2631254196167,0
"bottemp",9.80245685577393,0.169136047363281
"bottemp",12.8219566345215,0.177642345428467
"bottemp",3.48240947723389,0.127291560173035
"bottemp",15.4790143966675,0.432218611240387
"bottemp",13.8144521713257,0.218418300151825
"bottemp",8.72024154663086,0.0898116827011108
"bottemp",11.5308723449707,0.270064532756805
"bottemp",8.7905797958374,0.076376736164093
"bottemp",13.9531517028809,0.42404317855835
"bottemp",15.5579357147217,0.541773438453674
"bottemp",9.13240432739258,0.17757123708725
"bottemp",15.2023468017578,0.541488796472549
"bottemp",11.4096593856812,0.27160781621933
"bottemp",10.3138113021851,0.215250968933105
"bottemp",11.4071960449219,0.0666914582252502
"bottemp",11.1089639663696,0.0274670720100403
"bottemp",12.0906753540039,0
"bottemp",9.6220703125,0
"bottemp",14.7951993942261,0.0179916620254517
"bottemp",10.5275917053223,0.155486524105072
"bottemp",8.15042018890381,0
"bottemp",4.18997669219971,0.116194128990173
"bottemp",4.46347093582153,0.127930223941803
"bottemp",3.50267148017883,0.102997541427612
"bottemp",11.0638866424561,0.254284203052521
"bottemp",14.0298624038696,0.588645190000534
"bottemp",8.35260105133057,0.0989779829978943
"bottemp",11.1007432937622,0.237778127193451
"bottemp",14.5611743927002,0.205607056617737
"bottemp",14.8761215209961,0.444916367530823
"bottemp",10.4388875961304,0.365638911724091
"bottemp",10.3514623641968,0.336409568786621
"bottemp",8.82273197174072,0.228631317615509
"bottemp",8.28221797943115,0.140849828720093
"bottemp",12.9612846374512,0.0337141752243042
"bottemp",15.6770305633545,0.0296502709388733
"bottemp",19.5649185180664,0.23592346906662
"bottemp",13.799994468689,0
"bottemp",12.708101272583,0
"bottemp",9.08647727966309,0
"bottemp",3.54410791397095,0.0477184653282166
"bottemp",12.0747060775757,0
"bottemp",4.20129060745239,0.048815906047821
"bottemp",15.0825071334839,0.509942084550858
"bottemp",15.311149597168,0.755097672343254
"bottemp",12.0133571624756,0.0777953267097473
"bottemp",11.8503313064575,0.154173672199249
"bottemp",10.885645866394,0.131007730960846
"bottemp",9.36396408081055,0.0755277276039124
"bottemp",8.78552055358887,0.0995787978172302
"bottemp",12.7257509231567,0.259996771812439
"bottemp",10.9471921920776,0.129858791828156
"bottemp",15.6383476257324,0.0608295798301697
"bottemp",9.28908634185791,0.00954067707061768
"bottemp",15.2585287094116,0.0371767282485962
"bottemp",10.5698127746582,0
"bottemp",16.0270137786865,0.0196901559829712
"bottemp",13.8174877166748,0
"bottemp",5.40271234512329,0.0452514290809631
"bottemp",22.8782920837402,0.718363285064697
"bottemp",7.91422843933105,0.303429841995239
"bottemp",14.9067096710205,0.0621328353881836
"bottemp",14.2917184829712,0.130405247211456
"bottemp",12.8481149673462,0
"bottemp",11.3351545333862,0.000628948211669922
"bottemp",22.614595413208,0.0575164556503296
"bottemp",18.0546569824219,0.0399983525276184
"bottemp",7.84897661209106,0
"bottemp",8.78782749176025,0
"bottemp",11.8695783615112,0.00948548316955566
"bottemp",4.98152351379395,0.0318450331687927
"bottemp",14.9633836746216,0.113557100296021
"bottemp",12.3453874588013,0.0290701389312744
"bottemp",8.8228063583374,0
"bottemp",3.6683337688446,0
"bottemp",7.16552686691284,0.00845694541931152
"bottemp",9.50256824493408,0.00602221488952637
"bottemp",12.2845544815063,0.0776409506797791
"bottemp",13.6127777099609,0.0404319167137146
"bottemp",7.77797746658325,0
"bottemp",13.3140716552734,0
"bottemp",12.8899927139282,0
"bottemp",6.27115774154663,0
"bottemp",5.47518587112427,0
"bottemp",3.89324998855591,0
"bottemp",12.208833694458,1
"bottemp",8.34630298614502,0.253480195999146
"bottemp",10.2371854782104,0.115234792232513
"bottemp",7.3327579498291,0.059746265411377
"bottemp",23.9275207519531,0.452245771884918
"bottemp",23.1256542205811,0.525160908699036
"bottemp",15.1330242156982,0.114206254482269
"bottemp",16.5074501037598,0.0310342311859131
"bottemp",10.9035577774048,0
"bottemp",15.6742887496948,0
"bottemp",12.9563207626343,0
"bottemp",7.53428745269775,0.0419090390205383
"bottemp",4.09727430343628,0.00492125749588013
"bottemp",12.7789001464844,0.279238760471344
"bottemp",12.8875398635864,0.0207794904708862
"bottemp",14.6153764724731,0
"bottemp",21.2547988891602,0.54004368185997
"bottemp",18.7780132293701,0.542367249727249
"bottemp",15.5349578857422,0.451957523822784
"bottemp",15.1624689102173,0.0984901785850525
"bottemp",13.7113094329834,0.0267771482467651
"bottemp",13.0985527038574,0.00744462013244629
"bottemp",25.4071254730225,0.0968518257141113
"bottemp",8.225830078125,0
"bottemp",7.65204477310181,0
"bottemp",8.6810884475708,0.103161871433258
"bottemp",3.60689091682434,0.0308961868286133
"bottemp",26.4696140289307,1
"bottemp",16.6705875396729,0.727135300636292
"bottemp",11.3405828475952,0.116805732250214
"bottemp",12.4884271621704,0.0551300048828125
"bottemp",11.6875667572021,0.0333068370819092
"bottemp",15.2761192321777,0.237504601478577
"bottemp",17.2342796325684,0.226959884166718
"bottemp",9.48571586608887,0
"bottemp",9.43961906433105,0
"bottemp",10.5588665008545,0.00610601902008057
"bottemp",10.2551612854004,0.00836324691772461
"bottemp",13.7026586532593,0.00217503309249878
"bottemp",9.77810001373291,0.0340172648429871
"bottemp",8.50690841674805,0.303675770759583
"bottemp",5.62285804748535,0.266211032867432
"bottemp",11.9496221542358,0.436396420001984
"bottemp",11.7064123153687,0.37131655216217
"bottemp",8.62883377075195,0.233945786952972
"bottemp",15.3134937286377,0.378425717353821
"bottemp",27.7457160949707,0.36011791229248
"bottemp",12.0701026916504,0.420428514480591
"bottemp",12.2121391296387,0.514725774526596
"bottemp",17.3749046325684,0.532333642244339
"bottemp",6.26927042007446,0.0760803818702698
"bottemp",8.5794849395752,0.0802623629570007
"bottemp",17.2097682952881,0.172659337520599
"bottemp",21.5048732757568,0.0694593787193298
"bottemp",12.1847772598267,0
"bottemp",13.1089315414429,0
"bottemp",6.27040576934814,0
"bottemp",17.7281360626221,0.737546265125275
"bottemp",9.82577514648438,0.0520917177200317
"bottemp",10.1559200286865,0.00502234697341919
"bottemp",15.5314931869507,0
"bottemp",14.9901113510132,0
"bottemp",11.4991455078125,0.00727587938308716
"bottemp",13.3466358184814,0
"bottemp",11.7610244750977,0.000268101692199707
"bottemp",12.219066619873,0.00573259592056274
"bottemp",16.4672565460205,0.00554943084716797
"bottemp",9.60661506652832,0.00375699996948242
"bottemp",18.0589199066162,0.566563814878464
"bottemp",16.0267601013184,0.581924229860306
"bottemp",18.3871364593506,0.640228897333145
"bottemp",13.8612461090088,0.515501707792282
"bottemp",13.5430202484131,0.430574119091034
"bottemp",10.9315032958984,0.436404824256897
"bottemp",11.5994472503662,0.426739931106567
"bottemp",12.8301258087158,0.42205822467804
"bottemp",10.4065599441528,0.314588069915771
"bottemp",11.929141998291,0.368121027946472
"bottemp",12.3333082199097,0.331204771995544
"bottemp",14.4559526443481,0.193371415138245
"bottemp",10.322226524353,0.00700271129608154
"bottemp",5.30636501312256,0.0152475833892822
"bottemp",5.76108694076538,0.00728458166122437
"bottemp",12.3172550201416,0
"bottemp",7.91293287277222,0.0114144086837769
"bottemp",5.57458543777466,0
"bottemp",5.02174091339111,0
"bottemp",11.7633638381958,0.0552644729614258
"bottemp",10.1695594787598,0.0256996154785156
"bottemp",21.6628646850586,0.010828971862793
"bottemp",11.2605876922607,0.00544965267181396
"bottemp",12.1568250656128,0.107292652130127
"bottemp",13.245189666748,0
"bottemp",9.29168510437012,0.0179290175437927
"bottemp",9.18882274627686,0
"bottemp",8.28481197357178,0
"bottemp",8.20427894592285,0.0217331051826477
"bottemp",8.7206506729126,0.370908915996552
"bottemp",13.9843111038208,0.612785577774048
"bottemp",10.6425352096558,0.411417722702026
"bottemp",8.05667209625244,0.306808173656464
"bottemp",10.3925933837891,0.424518525600433
"bottemp",16.2672576904297,0.499953925609589
"bottemp",9.70603370666504,0.268310844898224
"bottemp",20.5924777984619,0.283447682857513
"bottemp",20.9075031280518,0.195724368095398
"bottemp",9.92176246643066,0.0984529256820679
"bottemp",5.70101547241211,0.0056338906288147
"bottemp",13.0006742477417,0.29191666841507
"bottemp",4.33204126358032,0.0216010808944702
"bottemp",10.9968204498291,0.111843883991241
"bottemp",13.3364534378052,0.034018337726593
"bottemp",8.60521411895752,0.0409672856330872
"bottemp",11.137716293335,0.00159657001495361
"bottemp",12.4429941177368,0.329516470432281
"bottemp",6.12671136856079,0.00875341892242432
"bottemp",14.8016767501831,0.0711117386817932
"bottemp",12.4210262298584,0.020453929901123
"bottemp",10.0744781494141,0.0270347595214844
"bottemp",13.3735799789429,0.160244226455688
"bottemp",8.50113105773926,0.102099359035492
"bottemp",11.308310508728,0.286942064762115
"bottemp",12.0683660507202,0.370667636394501
"bottemp",10.9933938980103,0.417446732521057
"bottemp",9.20696067810059,0.385715425014496
"bottemp",9.52838897705078,0.341298878192902
"bottemp",12.387806892395,0.461024224758148
"bottemp",10.2471408843994,0.404705286026001
"bottemp",28.7705192565918,0.49427330493927
"bottemp",14.8892412185669,0.405657768249512
"bottemp",33.6505966186523,0.385324954986572
"bottemp",8.11683082580566,0.0387500524520874
"bottemp",33.8149299621582,0.245645105838776
"bottemp",11.1174354553223,0.013792097568512
"bottemp",12.4528303146362,0.0219166874885559
"bottemp",9.69221687316895,0.255935430526733
"bottemp",12.8868732452393,0.0316262245178223
"bottemp",14.5699615478516,0.00554633140563965
"bottemp",12.7430334091187,0.00176841020584106
"bottemp",18.5282936096191,0.235497772693634
"bottemp",8.45619583129883,0.0617549419403076
"bottemp",8.90814685821533,0.076909601688385
"bottemp",10.1220855712891,0.0531584024429321
"bottemp",9.74096965789795,0.0919974446296692
"bottemp",12.9072570800781,0.235144257545471
"bottemp",11.2375965118408,0.0705394148826599
"bottemp",14.8188972473145,0.359877943992615
"bottemp",9.15529155731201,0.374069392681122
"bottemp",11.8889417648315,0.407740831375122
"bottemp",9.4512357711792,0.260920405387878
"bottemp",13.4995164871216,0.30769008398056
"bottemp",8.58448791503906,0.214649200439453
"bottemp",11.7576360702515,0.265026926994324
"bottemp",10.4681844711304,0.154434204101562
"bottemp",8.65376281738281,0.0652591586112976
"bottemp",6.98928928375244,0.0899641513824463
"bottemp",15.7025537490845,0.0625083446502686
"bottemp",24.6647777557373,0.0637811422348022
"bottemp",5.57870388031006,0.00725877285003662
"bottemp",11.6988430023193,0.0406268239021301
"bottemp",8.68108749389648,0.01435387134552
"bottemp",30.4805641174316,0.277716755867004
"bottemp",31.8551330566406,0.348210394382477
"bottemp",10.4462585449219,0.0679284334182739
"bottemp",8.41827201843262,0.07645183801651
"bottemp",11.4602737426758,0.170626997947693
"bottemp",10.0308265686035,0.142648577690125
"bottemp",8.36499309539795,0.141015648841858
"bottemp",11.3184442520142,0.190043032169342
"bottemp",8.02152061462402,0.138278543949127
"bottemp",14.0571212768555,0.306332349777222
"bottemp",10.6343202590942,0.277960062026978
"bottemp",18.9662036895752,0.819398745894432
"bottemp",15.6900424957275,0.239008188247681
"bottemp",10.3909788131714,0.212170124053955
"bottemp",13.6368055343628,0.478805959224701
"bottemp",11.4072914123535,0.333148419857025
"bottemp",15.7299909591675,0.338766515254974
"bottemp",15.1159286499023,0.279553353786469
"bottemp",8.53325939178467,0.179354608058929
"bottemp",11.2703113555908,0.175520777702332
"bottemp",11.7932634353638,0.174798429012299
"bottemp",18.5282402038574,0.118097603321075
"bottemp",10.9929332733154,0.0970239639282227
"bottemp",10.7504835128784,0.0996684432029724
"bottemp",6.08339643478394,0
"bottemp",6.94867372512817,0
"bottemp",8.03839302062988,0.0235252380371094
"bottemp",31.344202041626,0.28920990228653
"bottemp",12.8866739273071,0.178215026855469
"bottemp",18.8535766601562,0.281285464763641
"bottemp",30.8925609588623,0.416218757629395
"bottemp",14.3136930465698,0.328141450881958
"bottemp",7.60628366470337,0.183743178844452
"bottemp",9.27075290679932,0.225996136665344
"bottemp",9.76734066009521,0.29935622215271
"bottemp",7.22427225112915,0.281964719295502
"bottemp",6.2423734664917,0.0239230990409851
"bottemp",10.7258596420288,0.306887149810791
"bottemp",7.61508226394653,0.27190238237381
"bottemp",8.71330261230469,0.271588861942291
"bottemp",19.5971031188965,0.437544226646423
"bottemp",3.42273259162903,0.0213925838470459
"bottemp",11.7919511795044,0.176248908042908
"bottemp",11.3200063705444,0.183728933334351
"bottemp",15.4910650253296,0.364999771118164
"bottemp",5.93903493881226,0.100314915180206
"bottemp",14.0727281570435,0.433916807174683
"bottemp",13.9227199554443,0.401168286800385
"bottemp",23.5987148284912,0.497954547405243
"bottemp",13.8203010559082,0.373672187328339
"bottemp",10.5025825500488,0.308289229869843
"bottemp",10.1439218521118,0.188532173633575
"bottemp",9.58557319641113,0.137013256549835
"bottemp",6.07624816894531,0
"bottemp",28.6328048706055,0.256506204605103
"bottemp",36.1547813415527,0.234905362129211
"bottemp",13.2587718963623,0.316720247268677
"bottemp",35.5053215026855,0.34363466501236
"bottemp",12.9871349334717,0.0974214673042297
"bottemp",26.4851970672607,0.0948439836502075
"bottemp",6.0362753868103,0.0713459849357605
"bottemp",7.01918506622314,0.0378372669219971
"bottemp",10.9635381698608,0.0667632222175598
"bottemp",11.2117290496826,0.0786255598068237
"bottemp",9.29960060119629,0.18405818939209
"bottemp",19.8199768066406,0.00610452890396118
"bottemp",8.26623249053955,0.0632173418998718
"bottemp",18.777042388916,0.243995189666748
"bottemp",10.3614702224731,0.0992982983589172
"bottemp",9.76105308532715,0.0763821601867676
"bottemp",8.4812650680542,0.0831214189529419
"bottemp",9.2907886505127,0.145945608615875
"bottemp",12.1379642486572,0.44705194234848
"bottemp",9.35912704467773,0.432209253311157
"bottemp",30.8690319061279,0.595773249864578
"bottemp",7.34766149520874,0.317388474941254
"bottemp",8.30080986022949,0.39692896604538
"bottemp",10.3811645507812,0.406457185745239
"bottemp",9.90437793731689,0.378449320793152
"bottemp",12.0429563522339,0.39701235294342
"bottemp",12.1950578689575,0.381677508354187
"bottemp",12.7308225631714,0.319833278656006
"bottemp",7.16288471221924,0.190670192241669
"bottemp",5.10773420333862,0.0177227854728699
"bottemp",5.28195238113403,0.0139085054397583
"bottemp",10.0154714584351,0.102343499660492
"bottemp",19.7250022888184,0.598287105560303
"bottemp",10.1623449325562,0.454913794994354
"bottemp",14.7209815979004,0.492881536483765
"bottemp",17.3228302001953,0.461169004440308
"bottemp",7.78803300857544,0.031277596950531
"bottemp",4.26853609085083,0
"bottemp",10.6993627548218,0.107468128204346
"bottemp",12.0227136611938,0.0998668074607849
"bottemp",7.93161010742188,0.0622765421867371
"bottemp",11.8800067901611,0.201638698577881
"bottemp",10.7174711227417,0.0555875301361084
"bottemp",7.21987915039062,0
"bottemp",17.6241226196289,0.0565618872642517
"bottemp",10.7069749832153,0
"bottemp",14.0522136688232,0
"bottemp",13.9424924850464,0.0285271406173706
"bottemp",26.1866588592529,0.0155451893806458
"bottemp",4.80256938934326,0.0629712343215942
"bottemp",3.3302161693573,0.0837240219116211
"bottemp",4.25668287277222,0.101264894008636
"bottemp",5.47987174987793,0.221642911434174
"bottemp",11.4279556274414,0.0205917358398438
"bottemp",11.2436122894287,0.00842839479446411
"bottemp",8.2483491897583,0.0399303436279297
"bottemp",10.0366563796997,0.113885402679443
"bottemp",7.65077352523804,0.115195572376251
"bottemp",13.2559509277344,0.424859702587128
"bottemp",7.95159149169922,0.187364220619202
"bottemp",7.58226871490479,0.198268949985504
"bottemp",9.26979637145996,0.301426470279694
"bottemp",8.46080589294434,0.389695107936859
"bottemp",15.79514503479,0.599815249443054
"bottemp",8.32030391693115,0.410260260105133
"bottemp",8.36499309539795,0.362102866172791
"bottemp",8.76592063903809,0.229653298854828
"bottemp",13.5169229507446,0.282433032989502
"bottemp",20.1162967681885,0.416714370250702
"bottemp",12,0.717953950166702
"bottemp",10.6477937698364,0.184640288352966
"bottemp",3.26197552680969,0
"bottemp",4.95050477981567,0.00296282768249512
"bottemp",4.98616170883179,0.0127049088478088
"bottemp",5.54145431518555,0.0190644264221191
"bottemp",11.2463340759277,0.110586225986481
"bottemp",15.1385803222656,0.433320820331573
"bottemp",12.3586359024048,0.445132255554199
"bottemp",18.3239269256592,0.356100797653198
"bottemp",18.1497573852539,0.39702033996582
"bottemp",18.895788192749,0.328986942768097
"bottemp",11.8181467056274,0.144345283508301
"bottemp",9.1198205947876,0.0903229117393494
"bottemp",14.28870677948,0.191904008388519
"bottemp",17.2989044189453,0.22387433052063
"bottemp",13.1953620910645,0.182712495326996
"bottemp",16.0114479064941,0.22648948431015
"bottemp",10.6122007369995,0
"bottemp",19.9281311035156,0.200228214263916
"bottemp",10.1128063201904,0
"bottemp",7,0.007193922996521
"bottemp",9.76034259796143,0
"bottemp",14.3716125488281,0.0470749735832214
"bottemp",11.064022064209,0.0248915553092957
"bottemp",7.64588928222656,0.0357263684272766
"bottemp",4.95075416564941,0.0252180099487305
"bottemp",10.1487150192261,0.387268483638763
"bottemp",8.04806423187256,0.0444897413253784
"bottemp",12.7409591674805,0.120233714580536
"bottemp",26.9674453735352,0.412301421165466
"bottemp",11.9312114715576,0.323254644870758
"bottemp",9.47833824157715,0.305523157119751
"bottemp",6.28065252304077,0.166470587253571
"bottemp",6.8410849571228,0.184298753738403
"bottemp",7.96745824813843,0.216137945652008
"bottemp",11.9529390335083,0.444817185401917
"bottemp",7.7271671295166,0.271505415439606
"bottemp",9.25555515289307,0.362277388572693
"bottemp",10.9124670028687,0.436871528625488
"bottemp",12.4016704559326,0.498145699501038
"bottemp",4.75616216659546,0.174909353256226
"bottemp",8.00074005126953,0.320322394371033
"bottemp",9.88366031646729,0.300976097583771
"bottemp",8.49669075012207,0.2274369597435
"bottemp",9.42270660400391,0.3036208152771
"bottemp",10.9104118347168,0.37519371509552
"bottemp",27.1707172393799,0.481337010860443
"bottemp",10.8564624786377,0.379062175750732
"bottemp",14.6981182098389,0.476429641246796
"bottemp",12.0819444656372,0.485864996910095
"bottemp",10.3538370132446,0.473591923713684
"bottemp",10.5679559707642,0.373452425003052
"bottemp",9.17136096954346,0.460746347904205
"bottemp",12.1792087554932,0.868334531784058
"bottemp",5.88444232940674,0.00287216901779175
"bottemp",4.61620855331421,0.0168247818946838
"bottemp",3.55839109420776,0.00916755199432373
"bottemp",6.00907897949219,0.0387107729911804
"bottemp",5.11200094223022,0.0637992024421692
"bottemp",10.4354763031006,0.165907919406891
"bottemp",9.60350227355957,0.0488784313201904
"bottemp",11.570255279541,0.303881049156189
"bottemp",10.0858058929443,0.323983252048492
"bottemp",9.31366062164307,0.34572970867157
"bottemp",10.5034551620483,0.369480073451996
"bottemp",8.20017623901367,0.250533998012543
"bottemp",11.1328411102295,0.253487765789032
"bottemp",14.3015251159668,0.258062720298767
"bottemp",11.3232383728027,0.178390145301819
"bottemp",6.72643375396729,0.0155965089797974
"bottemp",10.2681446075439,0.138928949832916
"bottemp",4.93445539474487,0
"bottemp",11.8808012008667,0
"bottemp",5.76295900344849,0
"bottemp",14.3855094909668,0
"bottemp",12.8188905715942,0
"bottemp",5.7932448387146,0.00609248876571655
"bottemp",7.53386831283569,0
"bottemp",13.1213312149048,0
"bottemp",10.7006740570068,0
"bottemp",11.1710500717163,0.00416934490203857
"bottemp",10.7219800949097,0
"bottemp",10.3621025085449,0.0017770528793335
"bottemp",12.4925241470337,0.0841585993766785
"bottemp",9.73613262176514,0.0368183255195618
"bottemp",10.9940309524536,0.469129860401154
"bottemp",12.626576423645,0.306167900562286
"bottemp",13.9532699584961,0.13381165266037
"bottemp",7.27302074432373,0.0811629891395569
"bottemp",10.2247848510742,0.207765519618988
"bottemp",11.0579433441162,0.263225018978119
"bottemp",11.9119930267334,0.323654592037201
"bottemp",18.6206874847412,0.402335226535797
"bottemp",5.50671243667603,0.105307102203369
"bottemp",8.77954292297363,0.202980756759644
"bottemp",11.089448928833,0.294156491756439
"bottemp",6.69200658798218,0.175420880317688
"bottemp",12.3122549057007,0.462804615497589
"bottemp",9.95024013519287,0.359162747859955
"bottemp",15.9936046600342,0.517437666654587
"bottemp",6.76117563247681,0.230400383472443
"bottemp",11.1723823547363,0.403377532958984
"bottemp",9.62157917022705,0.308606266975403
"bottemp",7.47074747085571,0.243712365627289
"bottemp",15.0720958709717,0.403632819652557
"bottemp",23.9553546905518,0.514176100492477
"bottemp",14.8802843093872,0.483162820339203
"bottemp",10.1689863204956,0.419831812381744
"bottemp",12.5080604553223,0.53036504983902
"bottemp",18.2313957214355,0.648691624403
"bottemp",12.1548528671265,0.417473256587982
"bottemp",11,0.363597452640533
"bottemp",25.8496875762939,0.490011394023895
"bottemp",21.8159294128418,0.509254992008209
"bottemp",7.8167929649353,0.422739624977112
"bottemp",3.76942849159241,0.0146326422691345
"bottemp",7.05983924865723,0
"bottemp",4.7411036491394,0.0195124745368958
"bottemp",3.25840139389038,0.0363005399703979
"bottemp",4.63228178024292,0.0718204975128174
"bottemp",3.76851487159729,0.057704746723175
"bottemp",2.27145504951477,0.0121536254882812
"bottemp",6.82151126861572,0.0176267027854919
"bottemp",12.3363647460938,0
"bottemp",19.7962188720703,0.382723450660706
"bottemp",13.6921463012695,0.360039055347443
"bottemp",11.8588104248047,0.187853515148163
"bottemp",10.8471450805664,0.199490427970886
"bottemp",12.4525194168091,0.329959332942963
"bottemp",6.76743698120117,0.0805858373641968
"bottemp",10.8993053436279,0.18631774187088
"bottemp",8.8278226852417,0.0710076093673706
"bottemp",10.8245067596436,0.125732183456421
"bottemp",9.33624267578125,0.171220541000366
"bottemp",10.9472799301147,0.209416091442108
"bottemp",8.74733352661133,0.102747678756714
"bottemp",11.4317045211792,0.05036860704422
"bottemp",9.80655384063721,0.00225579738616943
"bottemp",5.55314350128174,0.0223565101623535
"bottemp",10.7993927001953,0.00787895917892456
"bottemp",14.3113136291504,0.0249005556106567
"bottemp",14.7306203842163,0
"bottemp",9.81394004821777,0.0270917415618896
"bottemp",9.76840305328369,0.0305508375167847
"bottemp",17.4483833312988,0.0332376956939697
"bottemp",11.4497146606445,0.130096316337585
"bottemp",8.63234615325928,0.16951847076416
"bottemp",8.43702793121338,0.234038472175598
"bottemp",7.57230043411255,0.210330903530121
"bottemp",7.65278196334839,0.17973917722702
"bottemp",9.77188205718994,0.295189797878265
"bottemp",11.3319511413574,0.331544637680054
"bottemp",6.27781343460083,0.124232113361359
"bottemp",10.8705291748047,0.327979505062103
"bottemp",13.7682037353516,0.307597875595093
"bottemp",11.2403497695923,0.258728384971619
"bottemp",11.4387645721436,0.317426085472107
"bottemp",10.0251178741455,0.261125564575195
"bottemp",4.53072881698608,0.0980589389801025
"bottemp",8.50973510742188,0.287963271141052
"bottemp",13.078800201416,0.416343688964844
"bottemp",7.03960180282593,0.225418269634247
"bottemp",17.8220138549805,0.416214108467102
"bottemp",13.3760080337524,0.378909230232239
"bottemp",14.9509439468384,0.399145364761353
"bottemp",12.8833169937134,0.395766973495483
"bottemp",9.47828769683838,0.315142214298248
"bottemp",13.3792324066162,0.508408218622208
"bottemp",8.55801296234131,0.321762263774872
"bottemp",10.2131471633911,0.49053555727005
"bottemp",15.856143951416,0.644135504961014
"bottemp",9.06027412414551,0.355916917324066
"bottemp",11.76171875,0.405466198921204
"bottemp",10.8435802459717,0.441603600978851
"bottemp",13.1526021957397,0.476616084575653
"bottemp",11.2524881362915,0.500620126724243
"bottemp",20.4960994720459,0.801178395748138
"bottemp",17.2421951293945,0.78584910929203
"bottemp",33.9597702026367,0.540341347455978
"bottemp",14.4501514434814,0.0440287590026855
"bottemp",7.56210994720459,0.00784480571746826
"bottemp",5.4494423866272,0.0155376791954041
"bottemp",4.03599500656128,0.0457490086555481
"bottemp",3.53903126716614,0.0288718342781067
"bottemp",4.39944219589233,0.0608342289924622
"bottemp",18.2404689788818,0.401417315006256
"bottemp",13.2060375213623,0.171555042266846
"bottemp",15.3707008361816,0.340063333511353
"bottemp",11.452296257019,0.179300725460052
"bottemp",21.0587978363037,0.299287438392639
"bottemp",12.6576881408691,0.163613140583038
"bottemp",10,0.117916703224182
"bottemp",9.18995761871338,0.070298433303833
"bottemp",7.29667472839355,0.0208088755607605
"bottemp",8.00839424133301,0
"bottemp",8.8919792175293,0.0733104348182678
"bottemp",23.8070125579834,0.00353455543518066
"bottemp",7.82055568695068,0.0468854904174805
"bottemp",13.2800025939941,0.046197772026062
"bottemp",14.2198286056519,0.0523175001144409
"bottemp",13.4775199890137,0.084713876247406
"bottemp",11.0497827529907,0
"bottemp",12.7060098648071,0.0171987414360046
"bottemp",20,0.125038921833038
"bottemp",8.65768623352051,0.0330421924591064
"bottemp",13.7382402420044,0.28792941570282
"bottemp",16.1523303985596,0.0195247530937195
"bottemp",14.2432279586792,0.0209575891494751
"bottemp",25.655086517334,0.0306172966957092
"bottemp",16.4514007568359,0.0930283069610596
"bottemp",11.6510753631592,0.195456147193909
"bottemp",18.4349536895752,0.46406078338623
"bottemp",17.5113964080811,0.390026032924652
"bottemp",14.8369073867798,0.396975994110107
"bottemp",11.8602590560913,0.315904021263123
"bottemp",6.25140857696533,0.0729098320007324
"bottemp",9.57075023651123,0.201637327671051
"bottemp",6.09329271316528,0.0774537324905396
"bottemp",10.1434879302979,0.16801655292511
"bottemp",7.69514322280884,0.132700800895691
"bottemp",10.1593046188354,0.219121515750885
"bottemp",8.95728015899658,0.207672953605652
"bottemp",9.64556312561035,0.23560619354248
"bottemp",8.51171588897705,0.165576040744781
"bottemp",25.6412448883057,0.470565438270569
"bottemp",4.93801212310791,0.125630378723145
"bottemp",12.7565727233887,0.449687838554382
"bottemp",6.97216701507568,0.24617737531662
"bottemp",10.506552696228,0.279600203037262
"bottemp",10.0353174209595,0.284440457820892
"bottemp",11.6061410903931,0.268412947654724
"bottemp",17.6380653381348,0.30972695350647
"bottemp",24.9266147613525,0.353007733821869
"bottemp",23.5343894958496,0.440431594848633
"bottemp",24.7536964416504,0.47276896238327
"bottemp",16.4062194824219,0.415713548660278
"bottemp",30.5376167297363,0.57656192779541
"bottemp",10.921685218811,0.358928859233856
"bottemp",9.28957557678223,0.421528518199921
"bottemp",8.93065357208252,0.42227166891098
"bottemp",12.5892734527588,0.541217058897018
"bottemp",10.5316038131714,0.485419154167175
"bottemp",18.491455078125,0.693226397037506
"bottemp",5.14436054229736,0.0220513939857483
"bottemp",3.59741067886353,0.0154021382331848
"bottemp",9.28199291229248,0.0193824768066406
"bottemp",13.2852802276611,0.0297322869300842
"bottemp",12.3271903991699,0.166375041007996
"bottemp",12.7942066192627,0.257927238941193
"bottemp",16.8846244812012,0.199201464653015
"bottemp",8.54934310913086,0.0295101404190063
"bottemp",6.19525337219238,0
"bottemp",11.5709085464478,0
"bottemp",16.4853382110596,0
"bottemp",5.93826198577881,0
"bottemp",13.6019687652588,0
"bottemp",26.5535163879395,0
"bottemp",7.82159519195557,0.00304251909255981
"bottemp",5.8325982093811,0
"bottemp",5.98258399963379,9.75728034973145e-05
"bottemp",12.3751764297485,0.0356118083000183
"bottemp",13.9840717315674,0.0598027110099792
"bottemp",15.7164831161499,0
"bottemp",10.282169342041,0
"bottemp",10.0019664764404,0
"bottemp",16.8494567871094,0.188372671604156
"bottemp",7.59913921356201,0.00190991163253784
"bottemp",11.940881729126,0.0131002068519592
"bottemp",7.43914890289307,0.15497750043869
"bottemp",11.0416374206543,0.289512276649475
"bottemp",13.8682556152344,0.416323184967041
"bottemp",14.1202373504639,0.353941023349762
"bottemp",10.1107454299927,0.214628279209137
"bottemp",9.22865104675293,0.159789085388184
"bottemp",14.7622900009155,0.371446847915649
"bottemp",13.7196855545044,0.352203667163849
"bottemp",7.10105752944946,0.0810942053794861
"bottemp",10.2374925613403,0.204880833625793
"bottemp",10.6111583709717,0.23584395647049
"bottemp",9.90032768249512,0.169511616230011
"bottemp",10.9554471969604,0.297635734081268
"bottemp",5.10122060775757,0.155360817909241
"bottemp",6.85393095016479,0.211715281009674
"bottemp",9.02440547943115,0.1941779255867
"bottemp",3.76735591888428,0.110615789890289
"bottemp",5.74865245819092,0.147120714187622
"bottemp",35.4282150268555,0.442726790904999
"bottemp",33.8147430419922,0.445473194122314
"bottemp",13.2144250869751,0.370942294597626
"bottemp",15.0025281906128,0.352827668190002
"bottemp",17.928373336792,0.447164297103882
"bottemp",6.74958372116089,0.159249782562256
"bottemp",7.43121004104614,0.419530689716339
"bottemp",12.3647994995117,0.445734441280365
"bottemp",13.2265338897705,0.525713860988617
"bottemp",3.93981647491455,0.00887739658355713
"bottemp",10.3502216339111,0
"bottemp",6.97644329071045,0.106473386287689
"bottemp",7.18347930908203,0
"bottemp",7.84153270721436,0.0256287455558777
"bottemp",12.8988857269287,0.128588438034058
"bottemp",6.77629470825195,0
"bottemp",10.8457002639771,0.0660536289215088
"bottemp",12.1451625823975,0.121499717235565
"bottemp",3.79380488395691,0
"bottemp",13.7453126907349,0.113481760025024
"bottemp",15.3875131607056,0
"bottemp",8.80147552490234,0
"bottemp",7.53045749664307,0
"bottemp",13.1842174530029,0.0823809504508972
"bottemp",10.2278642654419,0.0944223999977112
"bottemp",13.7765998840332,0.067074716091156
"bottemp",12.4160509109497,0.033825695514679
"bottemp",12.5053300857544,0.0553579926490784
"bottemp",11.6302642822266,0.0424341559410095
"bottemp",11.9312400817871,0.00586414337158203
"bottemp",13.3105115890503,0
"bottemp",16.3099746704102,0.238133430480957
"bottemp",10.7954549789429,0
"bottemp",15.9980182647705,0.121436595916748
"bottemp",17.4262733459473,0.173148393630981
"bottemp",11.5278234481812,0.00141417980194092
"bottemp",10.8997402191162,0
"bottemp",4.1639199256897,0.0885281562805176
"bottemp",10.3870401382446,0.472184419631958
"bottemp",6.68661022186279,0.110453188419342
"bottemp",18.1060562133789,0.55720466375351
"bottemp",20,0.580024927854538
"bottemp",9.57041835784912,0.156185567378998
"bottemp",6.61409187316895,0.100038528442383
"bottemp",13.2926912307739,0.279888033866882
"bottemp",11.0519762039185,0.215072095394135
"bottemp",7.08590936660767,0.0892155170440674
"bottemp",7.07642602920532,0.0977838635444641
"bottemp",14.1561183929443,0.386000514030457
"bottemp",12.2602453231812,0.192718982696533
"bottemp",7.48200798034668,0.076996386051178
"bottemp",25.8131732940674,0.437218904495239
"bottemp",16.890380859375,0.535314381122589
"bottemp",12.6348237991333,0.464779496192932
"bottemp",5.28724575042725,0.15425568819046
"bottemp",10.1008129119873,0.204929888248444
"bottemp",8.69819259643555,0.204505205154419
"bottemp",5.00859117507935,0.155922412872314
"bottemp",4.82630777359009,0.158998906612396
"bottemp",11.0427312850952,0.0907581448554993
"bottemp",35.0001564025879,0.352849125862122
"bottemp",7.50572919845581,0.202370405197144
"bottemp",9.16814231872559,0.275010883808136
"bottemp",16.8945598602295,0.292726695537567
"bottemp",11.7680368423462,0.269796252250671
"bottemp",11.331919670105,0.444264590740204
"bottemp",14.3547697067261,0.480802118778229
"bottemp",9.26069736480713,0.0623380541801453
"bottemp",7.1604905128479,0.0782254338264465
"bottemp",11.4672317504883,0.111653208732605
"bottemp",9.52838897705078,0.0841768980026245
"bottemp",12.1552333831787,0.196598947048187
"bottemp",12.3378591537476,0.0311037302017212
"bottemp",19.8743476867676,0.129796802997589
"bottemp",13.7402601242065,0.0992318987846375
"bottemp",10.9143009185791,0.136615216732025
"bottemp",14.9947757720947,0.202343940734863
"bottemp",29.1640033721924,0.0875779986381531
"bottemp",12.8395557403564,0.0549649000167847
"bottemp",9.97683429718018,0.0186575651168823
"bottemp",11.4171209335327,0.0313289761543274
"bottemp",16.3993473052979,0.110530734062195
"bottemp",16.058931350708,0.0111243724822998
"bottemp",14.6347007751465,0.0442216992378235
"bottemp",13.852388381958,0.153521537780762
"bottemp",8.98511219024658,0.0221480131149292
"bottemp",18.8608779907227,0.173410713672638
"bottemp",9.99483108520508,0.0256752371788025
"bottemp",6.87025117874146,0.00522881746292114
"bottemp",11.8671560287476,0.0861099362373352
"bottemp",17.9515991210938,0.17840313911438
"bottemp",11.7854824066162,0.0470734238624573
"bottemp",16.7080593109131,0.0753199458122253
"bottemp",12.9088983535767,0.049981951713562
"bottemp",5.38999319076538,0.118689000606537
"bottemp",12.6082162857056,0.329976677894592
"bottemp",13.8190975189209,0.223894000053406
"bottemp",15.4636135101318,0.337696433067322
"bottemp",17.0144462585449,0.343834817409515
"bottemp",7.3226900100708,0.0457804799079895
"bottemp",12.7362203598022,0.297532439231873
"bottemp",9.75102233886719,0.201935112476349
"bottemp",4.44521999359131,0.0451538562774658
"bottemp",13.6452417373657,0.238531947135925
"bottemp",8.37033462524414,0.100614726543427
"bottemp",14.6730737686157,0.297430694103241
"bottemp",10.6939649581909,0.190502405166626
"bottemp",11.0054492950439,0.235919237136841
"bottemp",6.72880697250366,0.180939674377441
"bottemp",13.0946559906006,0.0942933559417725
"bottemp",23.6775608062744,0.188336133956909
"bottemp",7.05021238327026,0.10139262676239
"bottemp",9.29292583465576,0.109662771224976
"bottemp",34.1296463012695,0.602081507444382
"bottemp",9.00511074066162,0.441812694072723
"bottemp",10.5784139633179,0.497607171535492
"bottemp",26.7164211273193,0.639629125595093
"bottemp",16.4417018890381,0.553731143474579
"bottemp",7.83325529098511,0
"bottemp",7.39257287979126,0
"bottemp",6.59247446060181,0.0194032192230225
"bottemp",10.3743934631348,0.0520337224006653
"bottemp",8.26999282836914,0.0126188993453979
"bottemp",6.31839847564697,0
"bottemp",7.98726272583008,0.0501358509063721
"bottemp",16.185432434082,0.139457285404205
"bottemp",9.39797115325928,0
"bottemp",22.7673301696777,0.108025372028351
"bottemp",13.1430196762085,0.0839340090751648
"bottemp",12.3734769821167,0.00505745410919189
"bottemp",9.38752841949463,0.0123122334480286
"bottemp",8.45600032806396,0.0870051980018616
"bottemp",11.5246696472168,0.0704382658004761
"bottemp",11.5525226593018,0.000732004642486572
"bottemp",13.0594434738159,0.371436178684235
"bottemp",6.03913736343384,0
"bottemp",11.7770366668701,0
"bottemp",12.0499258041382,0.018969714641571
"bottemp",9.29238414764404,0.0440573692321777
"bottemp",10.2189283370972,0.00417006015777588
"bottemp",17.6244945526123,0.0837953686714172
"bottemp",24.075174331665,0.111811339855194
"bottemp",12.5779962539673,0.0408463478088379
"bottemp",7.1932110786438,0.00127023458480835
"bottemp",39,0.0715293884277344
"bottemp",26.5601692199707,0.0430315136909485
"bottemp",17.2842121124268,0.00599098205566406
"bottemp",19.4181385040283,0.041695237159729
"bottemp",9.33241844177246,0
"bottemp",24.1637573242188,0.732073545455933
"bottemp",14.4083461761475,0.538764238357544
"bottemp",10.4089097976685,0.374828457832336
"bottemp",8.66356563568115,0.113344252109528
"bottemp",8.73013877868652,0.0957139730453491
"bottemp",11.8096113204956,0.160810470581055
"bottemp",10.410813331604,0.171210408210754
"bottemp",14.3361148834229,0.362806737422943
"bottemp",10.0158596038818,0.216861665248871
"bottemp",7.12210941314697,0.129704415798187
"bottemp",13.1879558563232,0.210866153240204
"bottemp",9.20853710174561,0.161545515060425
"bottemp",4.87309885025024,0.0990350246429443
"bottemp",11.3010053634644,0.243608593940735
"bottemp",7.63602733612061,0.255158185958862
"bottemp",12,0.311867415904999
"bottemp",21.3017902374268,0.298763036727905
"bottemp",10.7922420501709,0.202025711536407
"bottemp",5.03300333023071,0.100943922996521
"bottemp",12.2657308578491,0.209343612194061
"bottemp",17.9840698242188,0.198857069015503
"bottemp",11.7587080001831,0.210904359817505
"bottemp",9.56473064422607,0.331543684005737
"bottemp",21.0521697998047,0.57494130730629
"bottemp",10.8711681365967,0.035564124584198
"bottemp",16.9616756439209,0.609740972518921
"bottemp",6.81737279891968,0.00407946109771729
"bottemp",5.60228824615479,0.189364373683929
"bottemp",16.1244316101074,0.0487938523292542
"bottemp",13.69846534729,0
"bottemp",12.8239631652832,0.0931064486503601
"bottemp",7.79291725158691,0
"bottemp",11.645583152771,0.0742574334144592
"bottemp",11.8146743774414,0.0297078490257263
"bottemp",11.9948358535767,0.0310346484184265
"bottemp",4.41789770126343,0.0113497972488403
"bottemp",7.80429983139038,0.0714832544326782
"bottemp",11.6110010147095,0.0963795185089111
"bottemp",15.573468208313,0
"bottemp",11.3845891952515,0.105176568031311
"bottemp",16.3494472503662,0.0929300785064697
"bottemp",18.0063610076904,0.186285197734833
"bottemp",11.5784721374512,0.0257116556167603
"bottemp",26.1674537658691,0.2388796210289
"bottemp",30.456750869751,0.159676074981689
"bottemp",13.2693862915039,0
"bottemp",10.5033473968506,0.015531599521637
"bottemp",7.28009414672852,0.00348931550979614
"bottemp",25.0330696105957,0.0778864622116089
"bottemp",17.2065601348877,0.0708199143409729
"bottemp",15.2997169494629,0.0344966650009155
"bottemp",29.1553764343262,0.0287729501724243
"bottemp",19.5405254364014,0.311334550380707
"bottemp",12.383810043335,0.210241615772247
"bottemp",8.45438289642334,0.0882277488708496
"bottemp",9.29383087158203,0.151300191879272
"bottemp",9.89617252349854,0.142339885234833
"bottemp",8.4620189666748,0.125884175300598
"bottemp",14.7074069976807,0.489165067672729
"bottemp",8.61071586608887,0.331799447536469
"bottemp",9.67031574249268,0.196187615394592
"bottemp",14.0961103439331,0.209673881530762
"bottemp",25.8137168884277,0.367976903915405
"bottemp",16.1142826080322,0.583747982978821
"bottemp",20.3200016021729,0.605469584465027
"bottemp",14.2316207885742,0.602525651454926
"bottemp",30.1013832092285,0.6131831407547
"bottemp",18.9434394836426,0.53903141617775
"bottemp",11.9021291732788,0.230926990509033
"bottemp",28.3718013763428,0.548455744981766
"bottemp",17.8269557952881,0.445415616035461
"bottemp",28.0962467193604,0.473228991031647
"bottemp",11.557861328125,0.00961309671401978
"bottemp",4.18719387054443,0.0199494361877441
"bottemp",9.73303413391113,0.283058345317841
"bottemp",6.69607925415039,0.0116356611251831
"bottemp",10.4740381240845,0.0123627781867981
"bottemp",12.7340860366821,0
"bottemp",5.83574485778809,0
"bottemp",13.1526784896851,0.0332450270652771
"bottemp",12.052529335022,0.105043888092041
"bottemp",8.67342567443848,0.00458431243896484
"bottemp",12.9540853500366,0
"bottemp",9.81541442871094,0.108635723590851
"bottemp",14.1768045425415,0.0624980926513672
"bottemp",11.0597352981567,0.0501029491424561
"bottemp",11.9199466705322,0.280795335769653
"bottemp",4.35493755340576,0
"bottemp",11.6277875900269,0.0283485054969788
"bottemp",9.28258228302002,0
"bottemp",6.94140911102295,0
"bottemp",9.40056324005127,0
"bottemp",12.2936191558838,0
"bottemp",39.1339874267578,0.0805341005325317
"bottemp",6.99855422973633,0
"bottemp",10.9205369949341,0.000731706619262695
"bottemp",5.64417552947998,0.37961733341217
"bottemp",3.27705430984497,0.0212944149971008
"bottemp",14.6306104660034,0.274472177028656
"bottemp",21.5058631896973,0.316779673099518
"bottemp",8.3010139465332,0.084581732749939
"bottemp",9.69963359832764,0.064611554145813
"bottemp",11.8211097717285,0.196832895278931
"bottemp",8.40243625640869,0.133885741233826
"bottemp",13.523962020874,0.307985126972198
"bottemp",5.92200469970703,0.237092733383179
"bottemp",9.53920936584473,0.57084459066391
"bottemp",47.5048522949219,0.606419920921326
"bottemp",5.6535964012146,0.293999552726746
"bottemp",10.6259908676147,0.406771123409271
"bottemp",29.975902557373,0.243893206119537
"bottemp",8.59495639801025,0.0969181060791016
"bottemp",14.9703207015991,0.194305837154388
"bottemp",11.0073623657227,0.404739916324615
"bottemp",10.1692810058594,0.566668629646301
"bottemp",11.7779455184937,0.568386346101761
"bottemp",14.1545076370239,0.51654851436615
"bottemp",17.347843170166,0.280004560947418
"bottemp",14.0933704376221,0.363075435161591
"bottemp",11.2696237564087,0.369044065475464
"bottemp",13.2771110534668,0.396274507045746
"bottemp",13.007116317749,0.405845820903778
"bottemp",27.2649345397949,0.508482187986374
"bottemp",17.0406665802002,0.441826641559601
"bottemp",24.1127395629883,0.596640735864639
"bottemp",25.837854385376,0.575002670288086
"bottemp",25.4898548126221,0.533706277608871
"bottemp",18.7378063201904,0.453825056552887
"bottemp",15.5022487640381,0.27037525177002
"bottemp",9.93920803070068,0.00729894638061523
"bottemp",17.0557155609131,0
"bottemp",16.4540195465088,0
"bottemp",11.7361526489258,0
"bottemp",12.6157522201538,0.000960409641265869
"bottemp",4.69446706771851,0.00158435106277466
"bottemp",10.5346670150757,0
"bottemp",13.0977001190186,0
"bottemp",7.75386476516724,0.110575914382935
"bottemp",10.3412446975708,0.0130112171173096
"bottemp",7.95087671279907,0.0725696086883545
"bottemp",7.71134948730469,0.205784499645233
"bottemp",8.894287109375,0.12807959318161
"bottemp",18.1491851806641,0.169731199741364
"bottemp",29.4580631256104,0.137272417545319
"bottemp",11.538537979126,0
"bottemp",35.4677276611328,0.21144825220108
"bottemp",4.76941871643066,0.00786703824996948
"bottemp",12.1332035064697,0.0230476260185242
"bottemp",14.1595821380615,0.0673162341117859
"bottemp",6.53803300857544,0
"bottemp",19.3693065643311,0.275043249130249
"bottemp",7.4139928817749,0.181785702705383
"bottemp",33.0888214111328,0.528671950101852
"bottemp",10.1687107086182,0.19490247964859
"bottemp",16.4799938201904,0.461040675640106
"bottemp",11.4702491760254,0.490979671478271
"bottemp",17.1234607696533,0.598430275917053
"bottemp",11.125825881958,0.603770047426224
"bottemp",5.80032253265381,0.354439973831177
"bottemp",12.350302696228,0.701820135116577
"bottemp",5.22494459152222,0.2748943567276
"bottemp",5.40384149551392,0.175209939479828
"bottemp",8.85118103027344,0.066694438457489
"bottemp",10.0069198608398,0.183087766170502
"bottemp",29,0.534384548664093
"bottemp",7.77531147003174,0.145075261592865
"bottemp",16.6247940063477,0.399541199207306
"bottemp",10.5432777404785,0.303138732910156
"bottemp",27.6488513946533,0.489749073982239
"bottemp",25.6498355865479,0.314863383769989
"bottemp",10.5894174575806,0.0700538158416748
"bottemp",8.55097579956055,0
"bottemp",10.884298324585,0
"bottemp",7.21532583236694,0
"bottemp",7.64382648468018,0
"bottemp",11.2926034927368,0
"bottemp",16.3302364349365,0
"bottemp",14.8446531295776,0.0922027826309204
"bottemp",7.12501335144043,0.0202407240867615
"bottemp",14.3778009414673,0.0764046311378479
"bottemp",9.64340591430664,0.282927095890045
"bottemp",9.56163692474365,0.361347913742065
"bottemp",8.69546890258789,0.12392657995224
"bottemp",27.7216968536377,0.14638489484787
"bottemp",8.37554359436035,0
"bottemp",6.89856576919556,0.186741054058075
"bottemp",8.78968906402588,0.255086421966553
"bottemp",8.64986610412598,0.175596117973328
"bottemp",8.49168109893799,0.177261769771576
"bottemp",11.2325534820557,0.240881979465485
"bottemp",11.6733055114746,0.346159815788269
"bottemp",8.40352344512939,0.259295642375946
"bottemp",31.8514766693115,0.514791965484619
"bottemp",13.8836135864258,0.515287190675735
"bottemp",9.89640045166016,0.427033662796021
"bottemp",21.7241535186768,0.4526327252388
"bottemp",12.4925270080566,0.501770913600922
"bottemp",12.5578804016113,0.582771092653275
"bottemp",17.2444763183594,0.786616384983063
"bottemp",10.298300743103,0.688620060682297
"bottemp",12.3339042663574,0.544327735900879
"bottemp",9.59883975982666,0.404393136501312
"bottemp",9.26124095916748,0.251271307468414
"bottemp",13.0026741027832,0.274755537509918
"bottemp",12.2528524398804,0.222862362861633
"bottemp",8.08730697631836,0.0742749571800232
"bottemp",12.9185371398926,0.206414818763733
"bottemp",11.9232511520386,0.300350069999695
"bottemp",11.2673988342285,0.432997643947601
"bottemp",14.164267539978,0
"bottemp",8.44209480285645,0.0075308084487915
"bottemp",13.3065910339355,0.0088050365447998
"bottemp",10.0716972351074,0
"bottemp",15.8367519378662,0
"bottemp",10.3075456619263,0.0590857267379761
"bottemp",10.2397546768188,0.0125647187232971
"bottemp",12.7078371047974,0
"bottemp",9.00528144836426,0.100871026515961
"bottemp",9.00871562957764,0.0927145481109619
"bottemp",5.47022294998169,0.0130204558372498
"bottemp",6.91832304000854,0
"bottemp",7.49562358856201,0.00103676319122314
"bottemp",8.31861686706543,0
"bottemp",10.6882801055908,0.009196937084198
"bottemp",10.765944480896,0.020821213722229
"bottemp",15.6538457870483,0.364266335964203
"bottemp",13.1314764022827,0.337228536605835
"bottemp",34.1756782531738,0.340758264064789
"bottemp",13.0962381362915,0.251415193080902
"bottemp",5.92595624923706,0.241061389446259
"bottemp",8.55739212036133,0.310608804225922
"bottemp",6.33237266540527,0.173321306705475
"bottemp",21.8810291290283,0.548862814903259
"bottemp",4.61248636245728,0.192935347557068
"bottemp",15.9339008331299,0.407169282436371
"bottemp",5.48349571228027,0.28642600774765
"bottemp",14.0956315994263,0.504443973302841
"bottemp",16.6182270050049,0.586967885494232
"bottemp",7.55229711532593,0.414988815784454
"bottemp",6.2203106880188,0.381519138813019
"bottemp",11.8518781661987,0.452897667884827
"bottemp",7.785325050354,0.332935154438019
"bottemp",12.027928352356,0.377370059490204
"bottemp",16.5261077880859,0.411584436893463
"bottemp",11.8535060882568,0.269006490707397
"bottemp",12.4048175811768,0.346285164356232
"bottemp",25.9143199920654,0.600175231695175
"bottemp",27.1996612548828,0.623049855232239
"bottemp",12.4423198699951,0
"bottemp",14.1956644058228,0.00102436542510986
"bottemp",17.3879222869873,0
"bottemp",11.4129581451416,0.156614124774933
"bottemp",6,0.0794101357460022
"bottemp",16.7696113586426,0.105814695358276
"bottemp",8.03730773925781,0.0814189314842224
"bottemp",8.62953567504883,0.155409514904022
"bottemp",4.84847497940063,0
"bottemp",29.0956745147705,0.298066198825836
"bottemp",14.6342620849609,0
"bottemp",7.71510982513428,0
"bottemp",6.07338047027588,0
"bottemp",32.0655517578125,0.0647320151329041
"bottemp",11.7115049362183,0.0401442050933838
"bottemp",13.5296859741211,0.0526907444000244
"bottemp",13.3042602539062,0.0278729200363159
"bottemp",11.938117980957,0.571156054735184
"bottemp",8.77284049987793,0.351468086242676
"bottemp",8.16370296478271,0.383067488670349
"bottemp",4.92626142501831,0.318285882472992
"bottemp",4.87046241760254,0.0810391306877136
"bottemp",9.70902824401855,0.410345733165741
"bottemp",10.7934865951538,0.407117784023285
"bottemp",12.1861810684204,0.465935289859772
"bottemp",4.1282811164856,0.18431568145752
"bottemp",12.2782936096191,0.521489471197128
"bottemp",11.1428318023682,0.518131047487259
"bottemp",16.2809581756592,0.52733838558197
"bottemp",25.1055221557617,0.581176280975342
"bottemp",10.1239976882935,0.0408743023872375
"bottemp",9.03871917724609,0
"bottemp",25.0972175598145,0
"bottemp",18.4526462554932,0.0791769027709961
"bottemp",10.7016696929932,0
"bottemp",10.7724256515503,0.162042737007141
"bottemp",6.63681316375732,0.0661415457725525
"bottemp",11.1694746017456,0.123203277587891
"bottemp",12.5442085266113,0.174565076828003
"bottemp",10.8091115951538,0.143024146556854
"bottemp",16.6606025695801,0.14516144990921
"bottemp",8.15396881103516,0
"bottemp",5.20438194274902,0.000828564167022705
"bottemp",8.28224754333496,0
"bottemp",13.4415645599365,0.00585871934890747
"bottemp",12.147479057312,0
"bottemp",9.67782020568848,0
"bottemp",12.5183305740356,0
"bottemp",10.1259059906006,0
"bottemp",7.16878461837769,0
"bottemp",12.2988739013672,0.00980591773986816
"bottemp",8.00924301147461,0.00724327564239502
"bottemp",10.0979976654053,0
"bottemp",7.67063474655151,0.501587063074112
"bottemp",7.45488119125366,0.431917667388916
"bottemp",15.6530494689941,0.632980585098267
"bottemp",5.30632019042969,0.0341416001319885
"bottemp",17.2007274627686,0.383256077766418
"bottemp",12.156268119812,0.296710729598999
"bottemp",3.82015991210938,0.0198879241943359
"bottemp",8.54560470581055,0.00976496934890747
"bottemp",16.2021751403809,0.0972930192947388
"bottemp",12.1664838790894,0
"bottemp",14.3101425170898,0
"bottemp",16.8011016845703,0.145791053771973
"bottemp",13.2287540435791,0.171771705150604
"bottemp",13.3577184677124,0.111841857433319
"bottemp",10.2128982543945,0.0965784788131714
"bottemp",9.58203125,0.13439679145813
"bottemp",8.98593807220459,0.56151270866394
"bottemp",14.9921960830688,0.23688131570816
"bottemp",11.0472831726074,0.0748120546340942
"bottemp",8.08097839355469,0.00458240509033203
"bottemp",7.13268995285034,0.0208392143249512
"bottemp",14.6863498687744,0.00305289030075073
"bottemp",8.3881254196167,0.000244498252868652
"bottemp",13.5084533691406,0
"bottemp",17.0234889984131,0
"bottemp",9.09154987335205,0
"bottemp",11.8039493560791,0
"bottemp",12.4349718093872,0
"bottemp",9.54952144622803,0
"bottemp",11.9371643066406,0
"bottemp",8.77078056335449,0.562001824378967
"bottemp",12.2630891799927,0.681934535503387
"bottemp",15.5633783340454,0.805424690246582
"bottemp",34.1235771179199,0.683858394622803
"bottemp",15.2612638473511,0.314147889614105
"bottemp",12.2783460617065,0.00143414735794067
"bottemp",15.1703214645386,0.120770871639252
"bottemp",18.5625038146973,0
"bottemp",13.5766611099243,0.02276611328125
"bottemp",6.38277387619019,0
"bottemp",4.8153247833252,0.0771912932395935
"bottemp",13.3616743087769,0.242759883403778
"bottemp",12.1560716629028,0.0891959071159363
"bottemp",9.99407863616943,0.103778481483459
"bottemp",9.70814037322998,0.0790234208106995
"bottemp",25.8299579620361,0.290998101234436
"bottemp",12.2977771759033,0.102476894855499
"bottemp",9.88971138000488,0.0595224499702454
"bottemp",15.1184577941895,0.00442796945571899
"bottemp",12.2076053619385,0.0119689702987671
"bottemp",13.8301420211792,0.0048786997795105
"bottemp",13.0400056838989,0
"bottemp",11.7135152816772,0
"bottemp",15.5111284255981,0.00119602680206299
"bottemp",7.02360057830811,0
"bottemp",13.5820846557617,0
"bottemp",12.8267498016357,0
"bottemp",15.5266551971436,0.0228133797645569
"bottemp",15.0576410293579,0.0265719294548035
"bottemp",5.04980182647705,0.00359445810317993
"bottemp",6.41382598876953,0
"bottemp",11.6085052490234,0.0152774453163147
"bottemp",7.30637550354004,0.0422126054763794
"bottemp",11.8438110351562,0.0213030576705933
"bottemp",13.9445877075195,0.370969533920288
"bottemp",10.367449760437,0.12746673822403
"bottemp",12.617636680603,0.122351109981537
"bottemp",12.3754329681396,0.106448471546173
"bottemp",13.9554309844971,0.0999342203140259
"bottemp",8.30418682098389,0.0681470036506653
"bottemp",13.0566186904907,0.0479748845100403
"bottemp",12.8427391052246,0
"bottemp",5.6739182472229,0
"bottemp",11.1110696792603,0.00139874219894409
"bottemp",9.88763046264648,0.00144141912460327
"bottemp",14.326717376709,0.00974941253662109
"bottemp",5.54764986038208,0
"bottemp",12.1322221755981,0.0406206250190735
"bottemp",6.09793186187744,0
"bottemp",13.4755887985229,0.0147466063499451
"bottemp",8.58567237854004,0
"bottemp",10.3865528106689,0.00800395011901855
"bottemp",4.81845664978027,0.0073854923248291
"bottemp",4.79439067840576,0.00163018703460693
"bottemp",34.447452545166,0.689022988080978
"bottemp",3.3976674079895,0.0480432510375977
"bottemp",13.4862298965454,0.101649641990662
"bottemp",13.6169891357422,0.115947544574738
"bottemp",19.0889835357666,0
"bottemp",12.3994512557983,0.0819650292396545
"bottemp",10.1752738952637,0.10680764913559
"bottemp",11.0044078826904,0.126811921596527
"bottemp",4.34829664230347,0.0268887877464294
"bottemp",15.0638341903687,0
"bottemp",10.7917575836182,0
"bottemp",31.9251441955566,0.0472450852394104
"bottemp",9.84408760070801,0
"bottemp",5.04623937606812,0.00189036130905151
"bottemp",5.9501519203186,0
"bottemp",15.4168033599854,0.0390323400497437
"bottemp",15.1436567306519,0.0589162707328796
"bottemp",10.4150047302246,0.0260655283927917
"bottemp",7.00880336761475,0
"bottemp",6.540198802948,0
"bottemp",6.55306577682495,0
"bottemp",13.0018138885498,0
"bottemp",12.9759044647217,0.0826055407524109
"bottemp",7.028968334198,0
"bottemp",7.42469692230225,0
"bottemp",14.5927486419678,0.107851564884186
"bottemp",6.14340543746948,0.000635325908660889
"bottemp",10.6080236434937,0.0493272542953491
"bottemp",16.0975933074951,0
"bottemp",16.4507427215576,0
"bottemp",10.6913223266602,0.0224018692970276
"bottemp",16.2918567657471,0.0289598703384399
"bottemp",14.201735496521,0.138728082180023
"bottemp",8.2024450302124,0
"bottemp",10.3641920089722,0
"bottemp",12.0628776550293,0.000258862972259521
"bottemp",17.6312503814697,0.0345069766044617
"bottemp",12.3594522476196,0
"bottemp",9.61416625976562,0
"bottemp",8.284836769104,0
"bottemp",16.8567581176758,0.0661041140556335
"bottemp",11.824821472168,0
"bottemp",8.90261077880859,0
"bottemp",20.1717548370361,0.0311614274978638
"bottemp",11.9547834396362,0.0357868075370789
"bottemp",8.87808513641357,0
"bottemp",12.1271286010742,0.100353717803955
"bottemp",12.7513303756714,0.0207732319831848
"bottemp",12.3515043258667,0.0408822894096375
"bottemp",9.66537189483643,0
"bottemp",13.850905418396,0.00448465347290039
"bottemp",35.2156143188477,0.216157972812653
"bottemp",9.9533166885376,0
"bottemp",10.6296911239624,0
"bottemp",14.9759740829468,0.0118390321731567
"bottemp",16.8447685241699,0.0117838382720947
"bottemp",14.4083824157715,0
"bottemp",9.14456272125244,0
"bottemp",8.23870944976807,0
"bottemp",6.40408515930176,0
"bottemp",12.2220411300659,0
"bottemp",21.7719039916992,0.0939772129058838
"bottemp",14.6672077178955,0.142891824245453
"bottemp",4.97378492355347,0.0562978982925415
"bottemp",22.0597476959229,0.0949169397354126
"bottemp",16.0209445953369,0.0598649382591248
"bottemp",14.1333065032959,0
"bottemp",42.2678680419922,0.141628444194794
"bottemp",11.1060085296631,4.75645065307617e-05
"bottemp",13.4720458984375,0
"bottemp",10.4188947677612,0
"bottemp",12.2064065933228,0
"bottemp",13.0147714614868,0
"bottemp",14.0988826751709,0
"bottemp",11.9847240447998,0
"bottemp",18.4097766876221,0.148955523967743
"bottemp",12.2149028778076,0.13383287191391
"bottemp",13.9877128601074,0
"bottemp",7.64063787460327,0
"bottemp",28.4161396026611,0.192037642002106
"bottemp",9.32056999206543,0.0143744349479675
"bottemp",10.1323375701904,0.0109126567840576
"bottemp",13.5094451904297,0.00562763214111328
"bottemp",13.5226049423218,0
"bottemp",16.3257865905762,0
"bottemp",13.9088468551636,0
"bottemp",13.0380001068115,0
"bottemp",13.5432357788086,0
"bottemp",13.5132398605347,0
"bottemp",3.10583019256592,0.00760936737060547
"bottemp",9.51880645751953,0.0133330821990967
"bottemp",8.54654788970947,0.00920385122299194
"bottemp",8.90396118164062,0
"bottemp",13.5274562835693,0
"bottemp",18.9327945709229,0
"bottemp",9.70820713043213,0.0205897092819214
"bottemp",18.7798118591309,0
"bottemp",7.27448034286499,0
"bottemp",10.7910766601562,0
"bottemp",9.25564289093018,0
"bottemp",7.50324487686157,0
"bottemp",12.1703577041626,0
"bottemp",7.54431915283203,0
"bottemp",7.19306945800781,0
"bottemp",8.32757186889648,0.0886155962944031
"bottemp",10.2179222106934,0
"bottemp",9.23757362365723,0
"bottemp",6.92034673690796,0
"bottemp",14.3966283798218,0.0177374482154846
"bottemp",11.8353815078735,0.00649595260620117
"bottemp",12.4050273895264,0.0264055132865906
"bottemp",10.7869606018066,0.0483850836753845
"bottemp",18.9218292236328,0.18918514251709
"bottemp",7.54974174499512,0.00449979305267334
"bottemp",3.70684123039246,0
"bottemp",19.0615081787109,0.114790439605713
"bottemp",16.587911605835,0
"bottemp",11.1188545227051,0.0712202191352844
"bottemp",9.49005699157715,0.005462646484375
"bottemp",9.75010871887207,0.0112539529800415
"bottemp",8.26525688171387,0.0293201208114624
"bottemp",8.60542583465576,0.000749588012695312
"bottemp",8.84858703613281,0
"bottemp",10.9791793823242,0
"bottemp",11.7509422302246,0
"bottemp",3.74861812591553,0.0124887824058533
"bottemp",10.7194318771362,0.0105690956115723
"bottemp",12.9075593948364,0.0332436561584473
"bottemp",8.68004989624023,0
"bottemp",16.83180809021,0
"bottemp",14.2051830291748,0.0012969970703125
"bottemp",28.6323947906494,0
"bottemp",11.5018272399902,0.0632597208023071
"bottemp",6.42323684692383,0
"bottemp",7.10851621627808,0
"bottemp",9.44204139709473,0.00779432058334351
"bottemp",13.6836185455322,0.0575868487358093
"bottemp",8.35491180419922,0
"bottemp",12.5300378799438,0.0455662608146667
"bottemp",7.98756885528564,0.00435280799865723
"bottemp",10.633641242981,0.0123389363288879
"bottemp",8.35183811187744,0.00768309831619263
"bottemp",4.92539310455322,0.0899038910865784
"bottemp",3.25283551216125,0.162047326564789
"bottemp",10.5428237915039,0.00925230979919434
"bottemp",8.65996646881104,0
"bottemp",11.3333158493042,0
"bottemp",8.55027961730957,0
"bottemp",12.7217445373535,0.0148633718490601
"bottemp",14.3691940307617,0
"bottemp",20.3384704589844,0
"bottemp",14.1670722961426,0.00029677152633667
"bottemp",9.57040882110596,0.027382493019104
"bottemp",18.3199977874756,0.124217629432678
"bottemp",17.7756958007812,0
"bottemp",13.1637048721313,0.0221527814865112
"bottemp",8.13740825653076,0
"bottemp",14.9282369613647,0.000979840755462646
"bottemp",6.43724679946899,0
"bottemp",5.39772701263428,0.00667309761047363
"bottemp",13.0566186904907,0.0515875816345215
"bottemp",6.08015537261963,0.0247310400009155
"bottemp",8.54232501983643,0.0290400981903076
"bottemp",12.0005207061768,0.00240039825439453
"bottemp",7.78064298629761,0
"bottemp",10.9613018035889,0
"bottemp",11.8570928573608,0
"bottemp",7.8116021156311,0.000552713871002197
"bottemp",5.87663125991821,0
"bottemp",5.09150791168213,0.00526291131973267
"bottemp",11.3105306625366,0.0547235012054443
"bottemp",4.45581102371216,0.107107818126678
"bottemp",4.11904001235962,0.0785746574401855
"bottemp",10.4782772064209,0.00242060422897339
"bottemp",17.6108589172363,0.0939469933509827
"bottemp",14.3480043411255,0.00424307584762573
"bottemp",13.4092798233032,0.00185698270797729
"bottemp",15.1721992492676,0
"bottemp",7.61942291259766,0.0159488320350647
"bottemp",17.736946105957,0.220893740653992
"bottemp",11.9514932632446,0.14010101556778
"bottemp",12.5159635543823,0.20287561416626
"bottemp",15.232494354248,0.0280997753143311
"bottemp",10.14564037323,0.0510109663009644
"bottemp",11.2953605651855,0.135488510131836
"bottemp",6.89002704620361,1.57356262207031e-05
"bottemp",9.26374340057373,0.0295363664627075
"bottemp",9.85139560699463,0.0160661935806274
"bottemp",7.91789674758911,0.0357683897018433
"bottemp",8.82283687591553,0.0652137398719788
"bottemp",9.31204128265381,0.0360796451568604
"bottemp",11.1109323501587,0.00811296701431274
"bottemp",11.022780418396,0.0178278088569641
"bottemp",6.51592493057251,0.00441128015518188
"bottemp",5.29048490524292,0
"bottemp",4.18438625335693,0.0237866044044495
"bottemp",3.90355682373047,0.0293040871620178
"bottemp",7.17505836486816,0.0774612426757812
"bottemp",5.08745956420898,0.108193159103394
"bottemp",4.88878536224365,0.0264104008674622
"bottemp",26.0664596557617,0.153536200523376
"bottemp",16.6009578704834,0
"bottemp",9.48507785797119,0
"bottemp",19.1738300323486,0.00412207841873169
"bottemp",10.8818883895874,0.0773079991340637
"bottemp",17.7845249176025,0.433602571487427
"bottemp",17.2259864807129,0.199393212795258
"bottemp",13.2759695053101,0
"bottemp",17.798002243042,0.0496352314949036
"bottemp",7.14635038375854,0.0446717739105225
"bottemp",6.3343186378479,0.0030098557472229
"bottemp",8.40469932556152,0
"bottemp",13.8591184616089,0
"bottemp",8.95350360870361,0.0131745338439941
"bottemp",13.2656993865967,0.0190199017524719
"bottemp",13.8679008483887,0.0396888256072998
"bottemp",10.3653697967529,0.0554590225219727
"bottemp",13.4642286300659,0.03966224193573
"bottemp",7.62195348739624,0.000749707221984863
"bottemp",11.797082901001,0.00220721960067749
"bottemp",7.12445688247681,0
"bottemp",15.8013534545898,0
"bottemp",20.288236618042,0
"bottemp",11.5981721878052,0.0195552110671997
"bottemp",7.08936500549316,0.0285019874572754
"bottemp",8.8306360244751,0
"bottemp",15.3104486465454,0.0884559750556946
"bottemp",12.1684837341309,0.131767511367798
"bottemp",9.73792743682861,0.00918734073638916
"bottemp",13.7289667129517,0.00263160467147827
"bottemp",13.1404504776001,0.0118557810783386
"bottemp",10.9349737167358,0.0284122824668884
"bottemp",11.1718883514404,0.0572970509529114
"bottemp",8.88504600524902,0.00482970476150513
"bottemp",14.4935894012451,0
"bottemp",14.7634115219116,0
"bottemp",11.5947141647339,0.033094584941864
"bottemp",16.7436790466309,0.028484582901001
"bottemp",5.01295804977417,0.0164812803268433
"bottemp",16.7209739685059,0.00435096025466919
"bottemp",13.1678638458252,0.0159357190132141
"bottemp",11.5141878128052,0.0184961557388306
"bottemp",17.5032215118408,0.0169010758399963
"bottemp",18.3249664306641,0.000138700008392334
"bottemp",16.2267417907715,0
"bottemp",8.11086654663086,0
"bottemp",7.70057010650635,0.00911885499954224
"bottemp",30.2317657470703,0
"bottemp",15.2242574691772,0.000688731670379639
"bottemp",5.38889932632446,0.0159334540367126
"bottemp",17.6185531616211,0.0811773538589478
"bottemp",21.1716766357422,0.131282448768616
"bottemp",9.29534435272217,0.00546985864639282
"bottemp",13.9505863189697,0
"bottemp",5.01372766494751,0.0046347975730896
"bottemp",29.0564842224121,0.00975871086120605
"bottemp",14.3690128326416,0.0500907897949219
"bottemp",14.0040435791016,0.0167664885520935
"bottemp",25.048755645752,0.0781186819076538
"bottemp",15.0858211517334,0.0396581888198853
"bottemp",14.1198902130127,0.0402490496635437
"bottemp",10.9130382537842,0.0819181799888611
"bottemp",12.1910429000854,0.00183844566345215
"bottemp",13.2620306015015,0.00339925289154053
"bottemp",8.77157497406006,0.0534996390342712
"bottemp",11.0721464157104,0
"bottemp",8.48814392089844,0.000297069549560547
"bottemp",11.0007829666138,0.00784885883331299
"bottemp",9.52167415618896,0.0402340292930603
"bottemp",13.6439981460571,0.0126277208328247
"bottemp",12.9669160842896,0.0456494688987732
"bottemp",10.5922527313232,0.0782483220100403
"bottemp",10.8111162185669,0.077149510383606
"bottemp",11.1373815536499,0.00249797105789185
"bottemp",10.7538547515869,0
"bottemp",13.2552785873413,0
"bottemp",10.2810659408569,0.010025680065155
"bottemp",13.3677015304565,0.0380524396896362
"bottemp",17.8724575042725,0.00632971525192261
"bottemp",15.1296224594116,0
"bottemp",11.0496425628662,0
"bottemp",4.2288556098938,0
"bottemp",6.83737373352051,0.0557398796081543
"bottemp",5.01415109634399,0
"bottemp",11.5502424240112,0
"bottemp",3.815096616745,0.0391805171966553
"bottemp",8.47450923919678,0.0250948071479797
"bottemp",10.0225992202759,0.00648993253707886
"bottemp",16.8597564697266,0.063612699508667
"bottemp",11.1924247741699,0.00375288724899292
"bottemp",8.76952266693115,0.0311844944953918
"bottemp",6.39105701446533,0.0417240262031555
"bottemp",10.8156871795654,0.100346744060516
"bottemp",11.3592958450317,0.196138620376587
"bottemp",13.700213432312,0.141452968120575
"bottemp",11.7182464599609,0.0937683582305908
"bottemp",14.6863498687744,0.0216931104660034
"bottemp",13.7067594528198,0.0821024179458618
"bottemp",12.9214658737183,0.00549167394638062
"bottemp",18.5764694213867,0.0405429005622864
"bottemp",12.6825895309448,0.0140584111213684
"bottemp",14.0205192565918,0
"bottemp",13.9621429443359,0.0243792533874512
"bottemp",12.083812713623,0.10276597738266
"bottemp",7.95815420150757,0.0556937456130981
"bottemp",10.145115852356,0.0559501051902771
"bottemp",9.71152210235596,0.0482763648033142
"bottemp",9.10508155822754,0.00887149572372437
"bottemp",7.89397859573364,0.010840117931366
"bottemp",10.5256576538086,0.00688445568084717
"bottemp",7.48371267318726,0.0140799283981323
"bottemp",12.9122047424316,0.0108036994934082
"bottemp",11.5155534744263,0.0659459233283997
"bottemp",12.6485433578491,0.0442660450935364
"bottemp",4.67592430114746,3.58819961547852e-05
"bottemp",11.5823593139648,0
"bottemp",12.2681789398193,0.0140561461448669
"bottemp",16.5666084289551,0.0613083839416504
"bottemp",28.6685695648193,0.0117338299751282
"bottemp",7.04363489151001,0.00650119781494141
"bottemp",13.0388860702515,0.022558867931366
"bottemp",6.19680881500244,0
"bottemp",7.42433166503906,0
"bottemp",6.42245817184448,0
"bottemp",4.26533651351929,0
"bottemp",2.47666668891907,0.214261949062347
"bottemp",6.60721015930176,0
"bottemp",25.1061000823975,0.229588866233826
"bottemp",13.8890266418457,0.0142073631286621
"bottemp",9.84190654754639,0
"bottemp",9.58283615112305,0
"bottemp",5.10682535171509,0
"bottemp",10.147798538208,0.0285118222236633
"bottemp",16.345588684082,0.0467334985733032
"bottemp",10.3450946807861,0.0414323210716248
"bottemp",10.0334167480469,0.100604176521301
"bottemp",12.1269273757935,0.115799129009247
"bottemp",7.7587947845459,0.0728773474693298
"bottemp",8.91856670379639,0.0725575685501099
"bottemp",7.08461046218872,0.0321993231773376
"bottemp",6.90501976013184,0.0161290764808655
"bottemp",5.10466718673706,0
"bottemp",14.1619071960449,0.00946331024169922
"bottemp",10.9585199356079,0
"bottemp",7.56730508804321,0
"bottemp",14.0486459732056,0.0184543132781982
"bottemp",12.5662641525269,0.0503731966018677
"bottemp",13.5345849990845,0.099811315536499
"bottemp",47.6663208007812,0.61539226770401
"bottemp",7.77872943878174,0.0435632467269897
"bottemp",11.6345853805542,0.0340237021446228
"bottemp",9.25998210906982,0.0500211715698242
"bottemp",13.3721294403076,0.043403148651123
"bottemp",13.1803064346313,0.0503251552581787
"bottemp",9.16419792175293,0.0571021437644958
"bottemp",7.90584516525269,0.0305822491645813
"bottemp",10.6748313903809,0.0303720235824585
"bottemp",10.1481742858887,0.038055956363678
"bottemp",12.4445495605469,0.0226799249649048
"bottemp",11.2416114807129,0.00845199823379517
"bottemp",9.41429328918457,0.00171351432800293
"bottemp",14.0112972259521,0
"bottemp",8.98484134674072,0
"bottemp",5.85152864456177,0
"bottemp",4.86013221740723,0.0326098799705505
"bottemp",4.64511013031006,0.0250266790390015
"bottemp",12.4026336669922,0
"bottemp",9.55388927459717,0
"bottemp",16.2436943054199,0
"bottemp",13.7734365463257,0
"bottemp",5.33474922180176,0
"bottemp",5.46175479888916,0.0358409285545349
"bottemp",3.81860136985779,0.0155958533287048
"bottemp",6.17884397506714,0.0282339453697205
"bottemp",4.81761503219604,0.00161004066467285
"bottemp",3.88399910926819,0.0816497206687927
"bottemp",4.15144824981689,0.0511206984519958
"bottemp",9.97419548034668,0
"bottemp",9.26872730255127,0.0196790099143982
"bottemp",19.736930847168,0.197013437747955
"bottemp",9.23687648773193,0
"bottemp",11.9456424713135,0.032678484916687
"bottemp",11.3351068496704,0.0430001616477966
"bottemp",10.0489902496338,0.0139905214309692
"bottemp",10.1248664855957,0.00277924537658691
"bottemp",7.4463791847229,0.0082281231880188
"bottemp",6.2262396812439,0.00866043567657471
"bottemp",12.7930316925049,0.0623065829277039
"bottemp",8.22166442871094,0.0554289221763611
"bottemp",9.88663768768311,0.0191345810890198
"bottemp",11.4352645874023,0.0214073061943054
"bottemp",9.46281909942627,0.0010530948638916
"bottemp",12.8748817443848,0.0292083024978638
"bottemp",15.8549299240112,0
"bottemp",13.0041780471802,0.0070565938949585
"bottemp",12.4161777496338,0.00360375642776489
"bottemp",46.0574378967285,0.742167800664902
"bottemp",10.9785814285278,0.0566385984420776
"bottemp",11.5715475082397,0.0202789902687073
"bottemp",7.00912761688232,0.0520191192626953
"bottemp",12.795539855957,0.0685845017433167
"bottemp",12.6165618896484,0.0540007948875427
"bottemp",11.9847402572632,0.0590550899505615
"bottemp",5.32523488998413,0.0194495320320129
"bottemp",13.4842157363892,0
"bottemp",11.1917133331299,0
"bottemp",10.9268922805786,0
"bottemp",16.9512748718262,0
"bottemp",14.8095693588257,0.05335533618927
"bottemp",27.6676406860352,0.0585578680038452
"bottemp",11.2906923294067,0
"bottemp",5.28221607208252,0
"bottemp",13.0439939498901,0
"bottemp",11.7383575439453,0
"bottemp",11.211386680603,0.133255183696747
"bottemp",4.53074741363525,0.0420625805854797
"bottemp",22.4116153717041,0.271806061267853
"bottemp",9.0568904876709,0.0826635956764221
"bottemp",5.87086009979248,0.0580336451530457
"bottemp",4.29004335403442,0.015777051448822
"bottemp",15.1530017852783,0.0158037543296814
"bottemp",8.7166223526001,0.0800289511680603
"bottemp",11.562952041626,0
"bottemp",10.4687061309814,0
"bottemp",9.98469161987305,0.0314345359802246
"bottemp",10.5137062072754,0.00854665040969849
"bottemp",12.2188262939453,0.0121511816978455
"bottemp",8.5585241317749,0
"bottemp",7.89398860931396,0.0751922130584717
"bottemp",14.3696393966675,0.0615812540054321
"bottemp",15.7152757644653,0.00867384672164917
"bottemp",17.0401878356934,0.0433875918388367
"bottemp",22.8800048828125,0
"bottemp",7.31770133972168,0.0145248770713806
"bottemp",15.1365585327148,0.0537504553794861
"bottemp",11.6448287963867,0.00749313831329346
"bottemp",7.0746865272522,0
"bottemp",8.36357021331787,0.0440375208854675
"bottemp",7.61019420623779,0.0265085101127625
"bottemp",13.7406444549561,0.0386754870414734
"bottemp",10.901927947998,0.0419739484786987
"bottemp",7.24455308914185,0.0578240752220154
"bottemp",12.3188400268555,0.118638515472412
"bottemp",13.3783321380615,0.134447157382965
"bottemp",9.87963962554932,0.090053915977478
"bottemp",5.61508417129517,0.0357444882392883
"bottemp",11.8123178482056,0.10131710767746
"bottemp",8.23589038848877,0.045150101184845
"bottemp",8.66342163085938,0.0262290239334106
"bottemp",15.1815567016602,0.0268197655677795
"bottemp",12.143744468689,0.0117945075035095
"bottemp",14.1683349609375,0
"bottemp",17.7648639678955,0.0607507228851318
"bottemp",8.22970199584961,0.0217165946960449
"bottemp",15.4316349029541,0
"bottemp",6.57312822341919,0.0698819160461426
"bottemp",3.43252086639404,0.0313016772270203
"bottemp",3.70000004768372,0.170414090156555
"bottemp",3.49503993988037,0
"bottemp",13.4248991012573,0.0637521147727966
"bottemp",11.8913888931274,0.0173385739326477
"bottemp",12.0404968261719,0
"bottemp",13.4218950271606,0.0223904848098755
"bottemp",18.6917781829834,0
"bottemp",10.1180438995361,0.141810476779938
"bottemp",13.9191246032715,0.0229934453964233
"bottemp",10.3144807815552,0.0593494176864624
"bottemp",12.615665435791,0.00497323274612427
"bottemp",12.4074964523315,0
"bottemp",12.4747447967529,0.048561692237854
"bottemp",13.7849702835083,0.0284063220024109
"bottemp",14.5118560791016,0.0611677765846252
"bottemp",11.9908304214478,0
"bottemp",13.6885967254639,0.000508010387420654
"bottemp",5.22937345504761,0.00653696060180664
"bottemp",12.0318117141724,0.0341811180114746
"bottemp",12.3176307678223,0.097804069519043
"bottemp",14.1356725692749,0.144597768783569
"bottemp",12.1723384857178,0.14973258972168
"bottemp",10.7939262390137,0.109483420848846
"bottemp",14.4557123184204,0.0413958430290222
"bottemp",10.9798631668091,0.0035865306854248
"bottemp",11.0160055160522,0
"bottemp",10.0945949554443,0.0225186347961426
"bottemp",13.4086599349976,0.0341286659240723
"bottemp",10.9866209030151,0.0591427087783813
"bottemp",24.0484600067139,0.064552366733551
"bottemp",5.48350429534912,0.0258300304412842
"bottemp",12.2352724075317,0.0636261701583862
"bottemp",6.09161043167114,0
"bottemp",16.6399173736572,0
"bottemp",11.3099346160889,0
"bottemp",7.37133741378784,0.0697816014289856
"bottemp",5.08361721038818,0.0564013123512268
"bottemp",13.3087387084961,0.235323846340179
"bottemp",4.2250657081604,0.0560368299484253
"bottemp",4.42412853240967,0.0696582198143005
"bottemp",6.35510110855103,0.0662403106689453
"bottemp",12.4275484085083,0.0288768410682678
"bottemp",12.6152839660645,0.0224596261978149
"bottemp",14.8063535690308,0.130011796951294
"bottemp",12.1931800842285,0.0100084543228149
"bottemp",6.67478084564209,0
"bottemp",10.3934497833252,0.0364915728569031
"bottemp",13.8776388168335,0
"bottemp",9.60958194732666,0.022371232509613
"bottemp",9.84419631958008,0.00243163108825684
"bottemp",13.2044048309326,0.0271128416061401
"bottemp",11.7111501693726,0.0160069465637207
"bottemp",9.21731853485107,0.0396168231964111
"bottemp",17.3744812011719,0.107729434967041
"bottemp",7.99581336975098,0.0113956928253174
"bottemp",9.43094539642334,0.0618302226066589
"bottemp",4.86577367782593,0.0190601944923401
"bottemp",12.2958507537842,0.134738028049469
"bottemp",10.904447555542,0.0719661116600037
"bottemp",9.2653980255127,0.0302335619926453
"bottemp",5.07594347000122,0.0417021512985229
"bottemp",12.9996700286865,0.0828099250793457
"bottemp",12.4689025878906,0.0421426892280579
"bottemp",12.2149028778076,0.0377518534660339
"bottemp",8.25360870361328,0.0364577770233154
"bottemp",7.19721460342407,0.0266144871711731
"bottemp",10.1929187774658,0.0826770067214966
"bottemp",10.0250234603882,0.0627535581588745
"bottemp",12.1290817260742,0.0732251405715942
"bottemp",8.887038230896,0
"bottemp",10.4918622970581,0
"bottemp",13.2228403091431,0
"bottemp",5.55132436752319,0.00496160984039307
"bottemp",5.27221393585205,0.0401853322982788
"bottemp",11.5239353179932,0.10761821269989
"bottemp",22.3363590240479,0.0732194781303406
"bottemp",5.3001446723938,0.179503858089447
"bottemp",12.8155546188354,0.028193473815918
"bottemp",14.0770177841187,0.00496953725814819
"bottemp",13.231053352356,0
"bottemp",11.1415672302246,0.0132783651351929
"bottemp",11.9550619125366,0.0115885734558105
"bottemp",14.5119667053223,0
"bottemp",13.1897926330566,0.0877977013587952
"bottemp",7.17909383773804,0.0918142199516296
"bottemp",8.85556983947754,0.14188826084137
"bottemp",8.43084049224854,0.214789032936096
"bottemp",6.48651742935181,0.0122789144515991
"bottemp",7.31557464599609,0.0487649440765381
"bottemp",10.0707912445068,0.00803077220916748
"bottemp",9.29952335357666,0.0368439555168152
"bottemp",11.8539037704468,0.0772731900215149
"bottemp",8.0607213973999,0.0869512557983398
"bottemp",11.6822147369385,0.107596695423126
"bottemp",7.45364904403687,0.064628005027771
"bottemp",11.9476413726807,0.0944852828979492
"bottemp",14.11487865448,0.115861415863037
"bottemp",9.00837230682373,0
"bottemp",14.5243558883667,0
"bottemp",9.15363597869873,0
"bottemp",6.23279333114624,0.00324046611785889
"bottemp",4.38825035095215,0.00467848777770996
"bottemp",7.57568979263306,0.0276917219161987
"bottemp",4.06656217575073,0.031574010848999
"bottemp",4.63130617141724,0.112657368183136
"bottemp",8.07208728790283,0
"bottemp",12.5882482528687,0.079565703868866
"bottemp",7.83260202407837,0
"bottemp",14.7652359008789,0.0476260185241699
"bottemp",12.2265520095825,0.016285240650177
"bottemp",14.1045150756836,0.00611370801925659
"bottemp",15.6801433563232,0.00779390335083008
"bottemp",11.0513277053833,0.0183761119842529
"bottemp",9.41666793823242,0.0522804856300354
"bottemp",11.9795808792114,0.086557924747467
"bottemp",7.85280466079712,0.0536759495735168
"bottemp",10.3769493103027,0.108640611171722
"bottemp",8.70451831817627,0.122409462928772
"bottemp",4.21741771697998,0.0660281181335449
"bottemp",13.7698736190796,0.382219552993774
"bottemp",10.6996726989746,0.00471717119216919
"bottemp",7.6751914024353,0.00455588102340698
"bottemp",8.7438268661499,0.0659697651863098
"bottemp",8.38103675842285,0.110043048858643
"bottemp",8.79945468902588,0.0772500038146973
"bottemp",15.2989635467529,0.182644426822662
"bottemp",8.8115816116333,0.0931991934776306
"bottemp",10.8008832931519,0.0920434594154358
"bottemp",12.2279386520386,0.0986350774765015
"bottemp",4.97089958190918,0.0273634195327759
"bottemp",7.14499950408936,0.0032886266708374
"bottemp",7.21787405014038,0
"bottemp",4.90628099441528,0
"bottemp",4.57364273071289,0
"bottemp",5.42654323577881,0
"bottemp",4.59272718429565,0.0216407775878906
"bottemp",11.7989063262939,0.0346140265464783
"bottemp",20.6435012817383,0.24113529920578
"bottemp",12.6429901123047,0.240545570850372
"bottemp",5.76575088500977,0.0823394060134888
"bottemp",6.40635919570923,0.0479180812835693
"bottemp",4.39356899261475,0
"bottemp",9.00339794158936,0
"bottemp",8.64394187927246,0.0117969512939453
"bottemp",13.0725221633911,0.00444144010543823
"bottemp",20.4930572509766,0.0193548798561096
"bottemp",14.3122434616089,0.0344669818878174
"bottemp",9.54694938659668,0.0271872878074646
"bottemp",3.30722975730896,0.0369771718978882
"bottemp",11.3520669937134,0.041218638420105
"bottemp",5.16062784194946,0.00371706485748291
"bottemp",7.69360256195068,0
"bottemp",6.74793815612793,0
"bottemp",9.26503467559814,0.122981071472168
"bottemp",12.207820892334,0.114906191825867
"bottemp",13.7305431365967,0.172908306121826
"bottemp",9.57944011688232,0.136338829994202
"bottemp",9.19532489776611,0.0928606390953064
"bottemp",11.8082513809204,0.0543975234031677
"bottemp",8.31722354888916,0.00118511915206909
"bottemp",10.4877996444702,0
"bottemp",5.66324377059937,0.0178626775741577
"bottemp",8.55377101898193,0.0383561253547668
"bottemp",5.01746368408203,0
"bottemp",4.73773193359375,0
"bottemp",4.94513940811157,0
"bottemp",4.77444505691528,0.00199759006500244
"bottemp",8.08050632476807,0.0238568782806396
"bottemp",6.38787984848022,0.0433258414268494
"bottemp",7.6279296875,0.0957717299461365
"bottemp",6.83785247802734,0.00574266910552979
"bottemp",2.96374654769897,0
"bottemp",4.30765628814697,0.00531899929046631
"bottemp",14.1027202606201,0.00968348979949951
"bottemp",9.53935623168945,0.0892285704612732
"bottemp",11.3143720626831,0.0960453748703003
"bottemp",8.06554222106934,0.0376009345054626
"bottemp",6.83783006668091,0.0223323702812195
"bottemp",8.06311321258545,0.027300238609314
"bottemp",12.9680147171021,0.0303303599357605
"bottemp",10.6451206207275,0.0172802805900574
"bottemp",8.11236667633057,0.0125733017921448
"bottemp",9.95351219177246,0
"bottemp",8.23516368865967,0
"bottemp",9.03833293914795,0.00252789258956909
"bottemp",7.77173614501953,0.0529457330703735
"bottemp",7.13862943649292,0.0419217944145203
"bottemp",5.4600625038147,0.164613723754883
"bottemp",12.2489252090454,0.041188657283783
"bottemp",6.57632827758789,0.029340386390686
"bottemp",20.4712085723877,0.015501081943512
"bottemp",8.10756874084473,0.000754117965698242
"bottemp",5.19828081130981,0
"bottemp",8.11180210113525,0
"bottemp",8.53657341003418,0.0691486001014709
"bottemp",12.8008785247803,0.119212031364441
"bottemp",9.07792091369629,0.0901629328727722
"bottemp",13.0269002914429,0.124281942844391
"bottemp",9.93306541442871,0.0622148513793945
"bottemp",4.94698286056519,0.0395927429199219
"bottemp",15.739951133728,0.148303031921387
"bottemp",5.81556797027588,0.0262895822525024
"bottemp",4.7181224822998,0.00116759538650513
"bottemp",5.18870687484741,0.00352960824966431
"bottemp",3.04797530174255,0.00581997632980347
"bottemp",6.78526592254639,0.00416570901870728
"bottemp",3.44207453727722,0.0168727040290833
"bottemp",4.61154985427856,0.0216078758239746
"bottemp",6.29314517974854,0
"bottemp",14.1474227905273,0.0168095231056213
"bottemp",20.2359409332275,0.16635799407959
"bottemp",5.48687124252319,0.008941650390625
"bottemp",10.684271812439,0.0166410803794861
"bottemp",9.15342140197754,0.0204846858978271
"bottemp",7.04795503616333,0.0223849415779114
"bottemp",11.3414659500122,0.07741779088974
"bottemp",21.8108348846436,0.0866408944129944
"bottemp",13.9541292190552,0.091234564781189
"bottemp",9.76377773284912,0.0411481261253357
"bottemp",10.8024606704712,0.0576455593109131
"bottemp",9.32898139953613,0.077568531036377
"bottemp",6.17127561569214,0.0405873656272888
"bottemp",7.70578241348267,0.0377274751663208
"bottemp",14.7253093719482,0
"bottemp",9.46257495880127,0.00843173265457153
"bottemp",10.8968677520752,0
"bottemp",10,0
"bottemp",10.7337713241577,0.0081406831741333
"bottemp",21.7497806549072,0.0786078572273254
"bottemp",6.85860586166382,0.00319111347198486
"bottemp",6.26330900192261,0
"bottemp",10.2042617797852,0.101382672786713
"bottemp",8.82724285125732,0.09226393699646
"bottemp",6.16913461685181,0.0353348851203918
"bottemp",6.34454011917114,0.0202485322952271
"bottemp",4.20831489562988,2.92062759399414e-05
"bottemp",5.77027702331543,0.00270539522171021
"bottemp",6.12203121185303,0.0185832381248474
"bottemp",6.01257276535034,0.0232411623001099
"bottemp",4.81141710281372,0.0625442862510681
"bottemp",4.06345510482788,0
"bottemp",12.256739616394,0
"bottemp",11.9463243484497,0.00150763988494873
"bottemp",5.88992166519165,0.0187057256698608
"bottemp",8.86212348937988,0.0304279923439026
"bottemp",12.1468210220337,0.0142779946327209
"bottemp",11.2635908126831,0.0163552165031433
"bottemp",7.84525299072266,0.00229918956756592
"bottemp",20.3123016357422,0.0744752287864685
"bottemp",16.4204788208008,0.0497415661811829
"bottemp",8.6582498550415,0.0400331616401672
"bottemp",11.2099809646606,0.0869966745376587
"bottemp",9.32529449462891,0.112131297588348
"bottemp",12.0207662582397,0.0613673329353333
"bottemp",14.675124168396,0.0344917178153992
"bottemp",13.7286958694458,0
"bottemp",9.6675968170166,0
"bottemp",10.0739974975586,0
"bottemp",11.2887935638428,0
"bottemp",6.63242244720459,0.0246163606643677
"bottemp",8.11911106109619,0.0130791068077087
"bottemp",15.2559099197388,0
"bottemp",6.45282125473022,0
"bottemp",7.6543083190918,0.0459309816360474
"bottemp",5.49059152603149,0.0360941290855408
"bottemp",11.0054521560669,0.0678783655166626
"bottemp",8.49862480163574,0.00647211074829102
"bottemp",9.31801986694336,0.0477564334869385
"bottemp",10.1664257049561,0.0184894800186157
"bottemp",7.97229099273682,0
"bottemp",5.10367012023926,0.0353030562400818
"bottemp",12.9898586273193,0.0833965539932251
"bottemp",3.76325654983521,0.00753200054168701
"bottemp",4.13315200805664,0.00837862491607666
"bottemp",11.092903137207,0.0264521837234497
"bottemp",8.01626586914062,0
"bottemp",14.7456703186035,0.00932222604751587
"bottemp",16.7096519470215,0.0566587448120117
"bottemp",14.8428888320923,0.0224496126174927
"bottemp",15.4057140350342,0.0352309346199036
"bottemp",13.3418092727661,0.00852686166763306
"bottemp",11.2012424468994,0.0235828757286072
"bottemp",15.725944519043,0
"bottemp",9.96774959564209,0
"bottemp",7.17110824584961,0
"bottemp",11.7564039230347,0.227763652801514
"bottemp",7.56920385360718,0.0218304395675659
"bottemp",6.11666488647461,0.0126590132713318
"bottemp",5.36681795120239,0.00294393301010132
"bottemp",4.26719999313354,0
"bottemp",4.12396812438965,0.0147423148155212
"bottemp",4.55190658569336,0.0214240550994873
"bottemp",3.58608055114746,0.00739407539367676
"bottemp",16.4980583190918,0.0249660015106201
"bottemp",8.895094871521,0.0194805264472961
"bottemp",5.11609792709351,0.00792586803436279
"bottemp",10.1481637954712,0.0156447887420654
"bottemp",8.32755374908447,0.0386483669281006
"bottemp",11.6787977218628,0.0322025418281555
"bottemp",17.8725032806396,0
"bottemp",7.22732353210449,0.0393747687339783
"bottemp",14.1117906570435,0.0566115975379944
"bottemp",14.1717891693115,0.060172975063324
"bottemp",18.9502506256104,0.00671112537384033
"bottemp",12.8414707183838,0
"bottemp",6.27301073074341,0.00825011730194092
"bottemp",6.29459428787231,0.0147103667259216
"bottemp",7.93793869018555,0.0231214761734009
"bottemp",3.51715302467346,0
"bottemp",6.14571142196655,0
"bottemp",3.19999980926514,0.0358746647834778
"bottemp",7.91535329818726,0
"bottemp",7.31255769729614,0.127005577087402
"bottemp",6.42902708053589,0.032114565372467
"bottemp",3.91847920417786,0.0351032614707947
"bottemp",5.64830684661865,0.00628894567489624
"bottemp",9.84291839599609,0.0238600969314575
"bottemp",11.0392446517944,0.0225182771682739
"bottemp",12.5270853042603,0.0449861884117126
"bottemp",8.5275821685791,0.0223181843757629
"bottemp",6.39960193634033,0.00856107473373413
"bottemp",11.4613122940063,0
"bottemp",10.6104879379272,0.011484682559967
"bottemp",12.0998697280884,0.00574707984924316
"bottemp",7.42195844650269,0.0133816003799438
"bottemp",12.053391456604,0.00739520788192749
"bottemp",4.76463222503662,0.00349771976470947
"bottemp",3.64181661605835,0
"bottemp",3.99469637870789,0
"bottemp",5.70714521408081,0
"bottemp",5.41051340103149,0.0296189188957214
"bottemp",6.57605314254761,0.0323745608329773
"bottemp",7.07331132888794,0.0457009673118591
"bottemp",13.9801607131958,0
"bottemp",9.76185894012451,0
"bottemp",7.35897397994995,0
"bottemp",7.49684047698975,0.0320566296577454
"bottemp",5.72909688949585,0.00623846054077148
"bottemp",5.72125005722046,0.0102782845497131
"bottemp",5.45619583129883,0.00605243444442749
"bottemp",11.0073261260986,0
"bottemp",7.35904264450073,0
"bottemp",5.51380300521851,0
"bottemp",5.5174298286438,0
"bottemp",3.69651889801025,0
"bottemp",6.72069215774536,0
"bottemp",4.61237668991089,0
"bottemp",4.12866973876953,0.00861954689025879
"bottemp",10.9349384307861,0.0507887601852417
"bottemp",3.72977805137634,0.00587910413742065
"bottemp",4.67765665054321,0
"bottemp",6.64776515960693,0.0358489155769348
"bottemp",5.46259927749634,0.0179696083068848
"bottemp",3.83099365234375,0.0865646600723267
"bottemp",4.40629291534424,0.0397435426712036
"bottemp",5.6176586151123,0
"bottemp",6.98071527481079,0
"bottemp",6.64980173110962,0.0244373083114624
"bottemp",9.34683990478516,0.0104103684425354
"bottemp",9.49666786193848,0
"bottemp",6.03505802154541,0
"bottemp",4.17606639862061,0.0130687355995178
"bottemp",8.23554039001465,0.0189723372459412
"bottemp",7.47571468353271,0.002022385597229
"bottemp",6.04261445999146,0.0422347784042358
"bottemp",5.05164051055908,0
"bottemp",5.16527128219604,0
"bottemp",9.32793521881104,0
"bottemp",7.63473558425903,0
"bottemp",5.34928607940674,0.010708749294281
"bottemp",6.49869346618652,0.0735532641410828
"bottemp",5.21893644332886,0.0333417057991028
"bottemp",5.10822343826294,0.00653105974197388
"bottemp",10.9063749313354,0.0254599452018738
"bottemp",13.684666633606,0
"bottemp",11.0090579986572,0.00505566596984863
"bottemp",7.36847114562988,0.0331200361251831
"bottemp",10.6529932022095,0.0168558359146118
"bottemp",9.84463596343994,0.0149689912796021
"bottemp",6.93630313873291,0.0110940337181091
"bottemp",6.31173467636108,0
"bottemp",3.81349658966064,0
"bottemp",5.85499429702759,0
"bottemp",7.92824363708496,0
"bottemp",7.50620126724243,0.00571858882904053
"bottemp",7.11024808883667,0
"bottemp",5.20453643798828,0
"bottemp",8.34589099884033,0.0468771457672119
"bottemp",7.36291885375977,0.0447366833686829
"bottemp",5.62038516998291,0.0260485410690308
"bottemp",9.43717575073242,0.0194048881530762
"bottemp",10.4390554428101,0
"bottemp",9.05038642883301,0.0273585915565491
"bottemp",12,0.0108250379562378
"bottemp",8.44223499298096,0.0120458602905273
"bottemp",5.9781231880188,0.0022273063659668
"bottemp",6.45950984954834,0.00620424747467041
"bottemp",4.08724212646484,0
"bottemp",3.66528964042664,0
"bottemp",4.09539175033569,0
"bottemp",4.16602563858032,0
"bottemp",4.87188816070557,0
"bottemp",4.56596231460571,0
"bottemp",7.0549373626709,0
"bottemp",5.39610147476196,0
"bottemp",6.86295366287231,0
"bottemp",4.44203424453735,0.0100894570350647
"bottemp",4.13000011444092,0.0413304567337036
"bottemp",4.85106992721558,0.0481311082839966
"bottemp",8.5410213470459,0
"bottemp",5.35005855560303,0.0187845230102539
"bottemp",4.15173625946045,0.0236889719963074
"bottemp",6.25901889801025,0
"bottemp",12.7718772888184,0
"bottemp",11.5806941986084,0
"bottemp",9.14419555664062,0
"bottemp",16.9389266967773,0
"bottemp",14.4117679595947,0
"bottemp",8.89188385009766,0.0273434519767761
"bottemp",13.3206157684326,0.0232298374176025
"bottemp",11.1401996612549,0.0122532248497009
"bottemp",9.12899589538574,0.0188236832618713
"bottemp",11.4590530395508,0.0163772106170654
"bottemp",11.0590715408325,0.00717496871948242
"bottemp",6.77964210510254,0.00428897142410278
"bottemp",4.10464000701904,0
"bottemp",4.15543985366821,0
"bottemp",6.16276550292969,0
"bottemp",3.68807983398438,0
"bottemp",4.38853645324707,0
"bottemp",6.79303884506226,0
"bottemp",4.93073272705078,0.00214779376983643
"bottemp",7.0736255645752,0
"bottemp",3.69301652908325,0
"bottemp",5.96661186218262,0
"bottemp",4.25849866867065,0.0310379266738892
"bottemp",4.14527988433838,0.0228896737098694
"bottemp",9.78572559356689,0
"bottemp",9.53642749786377,0.0117833018302917
"bottemp",10.2808294296265,0
"bottemp",11.3902626037598,0.024985134601593
"bottemp",9.67144298553467,0.0232794880867004
"bottemp",8.75137996673584,0.0214753746986389
"bottemp",13.6481761932373,0.0152639150619507
"bottemp",12.1371088027954,0.00665158033370972
"bottemp",5.74574375152588,0.0501190423965454
"bottemp",8.60595989227295,0.0165955424308777
"bottemp",5.85195398330688,0.00569069385528564
"bottemp",11.9840087890625,0.00469779968261719
"bottemp",7.42889404296875,0
"bottemp",6.72554636001587,0
"bottemp",3.66423439979553,0
"bottemp",4.28141641616821,0
"bottemp",5.38958358764648,0
"bottemp",4.82617092132568,0
"bottemp",6.01183700561523,0
"bottemp",4.13530254364014,0.00285214185714722
"bottemp",4.36802434921265,0
"bottemp",5.62097835540771,0
"bottemp",7.34302616119385,0
"bottemp",4.77332353591919,0.034659206867218
"bottemp",11.5839624404907,0.00788849592208862
"bottemp",4.41856813430786,0.0078117847442627
"bottemp",3.93707323074341,0.00442129373550415
"bottemp",14.9042387008667,0
"bottemp",11.1272411346436,0
"bottemp",9.62900924682617,0
"bottemp",7.39486026763916,0.0400168299674988
"bottemp",5.77490901947021,0.0658110380172729
"bottemp",11.3912000656128,0
"bottemp",8.98093318939209,0
"bottemp",6.68072557449341,0.00401139259338379
"bottemp",13.7962970733643,0.0509451627731323
"bottemp",16.0840587615967,0.0878672003746033
"bottemp",11.4118900299072,0.00733828544616699
"bottemp",5.32498693466187,0.00784963369369507
"bottemp",5.25101900100708,0.00262397527694702
"bottemp",7.67233371734619,0.000389814376831055
"bottemp",5.62321710586548,0.0674479007720947
"bottemp",8.89883041381836,0
"bottemp",4.75265121459961,0.000614285469055176
"bottemp",4.32432699203491,0.0244765281677246
"bottemp",4.04181671142578,0
"bottemp",6.07928705215454,0
"bottemp",4.27454900741577,0
"bottemp",4.23672008514404,0
"bottemp",5.57145166397095,0
"bottemp",4.01331520080566,0.0237258672714233
"bottemp",7.20733690261841,0
"bottemp",3.78701639175415,0
"bottemp",12.847092628479,0
"bottemp",11.4679565429688,0
"bottemp",12.5054788589478,0
"bottemp",10.9382610321045,0
"bottemp",10.9949960708618,0
"bottemp",10.5587778091431,0.00257080793380737
"bottemp",7.05897998809814,0
"bottemp",11.9286775588989,0.0520459413528442
"bottemp",9.23649787902832,0
"bottemp",6.56876802444458,0.0122867226600647
"bottemp",5.78676509857178,0.00624585151672363
"bottemp",5.76440000534058,0.0124903917312622
"bottemp",7.29830169677734,0.0163429379463196
"bottemp",7.35489988327026,0.00645732879638672
"bottemp",7.53876304626465,0
"bottemp",3.94997644424438,0
"bottemp",4.23672008514404,0.00365471839904785
"bottemp",4.87564420700073,0
"bottemp",6.49211549758911,0
"bottemp",4.80236864089966,0.00252693891525269
"bottemp",5.68692111968994,0.00295770168304443
"bottemp",6.64378356933594,0.0497117042541504
"bottemp",5.99864959716797,0.044529914855957
"bottemp",3.82015991210938,0.0338611602783203
"bottemp",4.75181770324707,0.0122628211975098
"bottemp",4.18405628204346,0
"bottemp",4.91226482391357,0
"bottemp",8.19741439819336,0
"bottemp",11.0559053421021,0
"bottemp",9.09827995300293,0.0026283860206604
"bottemp",12.083212852478,0
"bottemp",8.48113441467285,0
"bottemp",8.34756278991699,0.0107583999633789
"bottemp",10.8835821151733,0.0529437661170959
"bottemp",10.6415996551514,0.0303948521614075
"bottemp",9.81276893615723,0.0232996940612793
"bottemp",19.2579708099365,0.204935073852539
"bottemp",5.09016036987305,0.0414793491363525
"bottemp",7.51656055450439,0.0333833694458008
"bottemp",7.63651609420776,0.0345281362533569
"bottemp",5.46718788146973,0.0209822058677673
"bottemp",3.95953321456909,0.00940608978271484
"bottemp",6.96387672424316,0.0130369663238525
"bottemp",5.24129724502563,0.00648695230484009
"bottemp",3.86124587059021,0.00847017765045166
"bottemp",5.07245635986328,0.00241553783416748
"bottemp",4.73214292526245,0.0202785730361938
"bottemp",9.25186634063721,0
"bottemp",4.72845649719238,0.0821452736854553
"bottemp",4.15891313552856,0.0414493083953857
"bottemp",3.63480925559998,0.0299804210662842
"bottemp",4.21640014648438,0.0709492564201355
"bottemp",4.90074300765991,0.0332920551300049
"bottemp",2.95024013519287,0.030389130115509
"bottemp",3.83032011985779,0.00707626342773438
"bottemp",7.4978084564209,0
"bottemp",8.24270439147949,0
"bottemp",11.8789081573486,0
"bottemp",7.88999605178833,0.0276695489883423
"bottemp",13.5391044616699,0.0943930745124817
"bottemp",10.1964740753174,0
"bottemp",10.4253492355347,0
"bottemp",13.3847799301147,0.040196418762207
"bottemp",6.91289758682251,0.0585674643516541
"bottemp",6.74976682662964,0.0424270629882812
"bottemp",7.37231206893921,0.0370452404022217
"bottemp",7.37745952606201,0.0239368677139282
"bottemp",4.40752410888672,0.0172080993652344
"bottemp",5.72125005722046,0.0295530557632446
"bottemp",10.0025653839111,0
"bottemp",5.43247985839844,0.0183310508728027
"bottemp",5.03200006484985,0.0456345677375793
"bottemp",6.97290277481079,0.0351917147636414
"bottemp",10.3061990737915,0.0329059958457947
"bottemp",5.16408014297485,0.0270689725875854
"bottemp",12.7261257171631,0
"bottemp",7.51291656494141,0
"bottemp",3.44493627548218,0.0239303708076477
"bottemp",10.8711347579956,0
"bottemp",14.3064212799072,0.00205320119857788
"bottemp",9.18667125701904,0
"bottemp",7.04448127746582,0
"bottemp",7.83814334869385,0.00316047668457031
"bottemp",8.98756980895996,0.0295349359512329
"bottemp",7.99637842178345,0.00319403409957886
"bottemp",9.0393648147583,0.059965193271637
"bottemp",7.37129306793213,0
"bottemp",6.07682609558105,0
"bottemp",8.22264766693115,0
"bottemp",14.6565437316895,0.114809691905975
"bottemp",7.1337685585022,0
"bottemp",11.8899240493774,0
"bottemp",11.7330923080444,0.0157607197761536
"bottemp",9.52515697479248,0
"bottemp",12.2428274154663,0
"bottemp",7.43255424499512,0
"bottemp",12.9266176223755,0
"bottemp",7.43974828720093,0.0870866179466248
"bottemp",8.13854217529297,0.0444756746292114
"bottemp",6.41662359237671,0.0232727527618408
"bottemp",5.78981924057007,0.0159551501274109
"bottemp",4.44685554504395,0.041117787361145
"bottemp",4.09799480438232,0.0266361236572266
"bottemp",6.0820517539978,0.0233208537101746
"bottemp",5.7806282043457,0.0347134470939636
"bottemp",5.82961368560791,0.0393431186676025
"bottemp",8.02999019622803,0.0294749736785889
"bottemp",3.92581653594971,0.0336959362030029
"bottemp",6.72651529312134,0.0429551601409912
"bottemp",6.95426321029663,0.0182750225067139
"bottemp",3.97414588928223,0.00899553298950195
"bottemp",3.24031949043274,0
"bottemp",15.2410039901733,0
"bottemp",11.8670644760132,0
"bottemp",10.6825008392334,0
"bottemp",4.72378158569336,0
"bottemp",6.43411874771118,0
"bottemp",10.3015165328979,0.0453758835792542
"bottemp",7.81910276412964,0
"bottemp",7.89766359329224,0.0123210549354553
"bottemp",11.450813293457,0.015439510345459
"bottemp",11.8998222351074,0.00425267219543457
"bottemp",10.0058603286743,0
"bottemp",3.82742214202881,0.0361546277999878
"bottemp",6.62327337265015,0.057934045791626
"bottemp",6.20946359634399,0.0397751331329346
"bottemp",4.77458095550537,0.0119764804840088
"bottemp",7.70634984970093,0.00576204061508179
"bottemp",6.24356317520142,0.00592184066772461
"bottemp",3.39096927642822,0.00143831968307495
"bottemp",6.28233242034912,0.0209964513778687
"bottemp",4.17518663406372,0.0585760474205017
"bottemp",5.14859247207642,0.0621490478515625
"bottemp",5.58013772964478,0
"bottemp",3.67897796630859,0
"bottemp",4.57785177230835,0
"bottemp",8.38095378875732,0
"bottemp",6.76059579849243,0
"bottemp",9.17257118225098,0.0355696678161621
"bottemp",13.6651678085327,0.00541561841964722
"bottemp",7.38537216186523,0
"bottemp",7.07117748260498,0
"bottemp",9.81838703155518,0
"bottemp",10.8897914886475,0
"bottemp",14.6274499893188,0
"bottemp",11.0218210220337,0
"bottemp",7.81860494613647,0.00366538763046265
"bottemp",8.09468364715576,0.0105714797973633
"bottemp",10.9976348876953,0
"bottemp",8.35211944580078,0.0192123055458069
"bottemp",5.92251968383789,0.00154966115951538
"bottemp",6.00165557861328,0.0102259516716003
"bottemp",5.06883478164673,0.0163251161575317
"bottemp",6.55318593978882,0.067948043346405
"bottemp",6.05625772476196,0.0792811512947083
"bottemp",8.304612159729,0
"bottemp",10.2970733642578,0
"bottemp",13.022198677063,0.0736950635910034
"bottemp",8.04522132873535,0.00475168228149414
"bottemp",11.7983922958374,0
"bottemp",7.68084144592285,0
"bottemp",7.32842969894409,0.00245577096939087
"bottemp",12.4915914535522,0.0329104661941528
"bottemp",4.61840629577637,0
"bottemp",11.6482849121094,0
"bottemp",10.9134540557861,0
"bottemp",12.3284769058228,0
"bottemp",9.24877738952637,0.11141037940979
"bottemp",3.42869329452515,0.0204313993453979
"bottemp",3.04834175109863,0.00572967529296875
"bottemp",4.60653638839722,0.00972062349319458
"bottemp",4.77496814727783,0.00264608860015869
"bottemp",4.8321475982666,0.0306624174118042
"bottemp",4.77193260192871,0.0458563566207886
"bottemp",6.20428419113159,0.0565937161445618
"bottemp",3.96239995956421,0
"bottemp",3.95329809188843,0
"bottemp",4.73609638214111,0
"bottemp",5.91866254806519,0
"bottemp",11.2072925567627,0.0577087998390198
"bottemp",11.5443840026855,0.0215224623680115
"bottemp",6.84120225906372,0
"bottemp",11.4754943847656,0
"bottemp",4.89765882492065,0
"bottemp",11.7738885879517,0
"bottemp",14.923113822937,0
"bottemp",9.71731472015381,0.0166296362876892
"bottemp",7.82365083694458,0.0147320628166199
"bottemp",11.9680166244507,0
"bottemp",8.05355072021484,0.0483052134513855
"bottemp",9.10364437103271,0.0323365926742554
"bottemp",7.75239944458008,0.0123488306999207
"bottemp",5.97714948654175,0.00891274213790894
"bottemp",20.4029312133789,0
"bottemp",10.5700578689575,0.00054556131362915
"bottemp",5.91879463195801,0.0571948289871216
"bottemp",4.02909088134766,0.0440041422843933
"bottemp",4.22171354293823,0.00224298238754272
"bottemp",4.75996255874634,0.0236731767654419
"bottemp",4.55883121490479,0
"bottemp",3.96163296699524,0
"bottemp",2.80919981002808,0
"bottemp",6.38186836242676,0
"bottemp",5.1206488609314,0
"bottemp",4.82538080215454,0
"bottemp",4.51489019393921,0
"bottemp",3.96239995956421,0
"bottemp",6.8200798034668,0
"bottemp",2.69598746299744,0
"bottemp",4.31226444244385,0.0124362707138062
"bottemp",8.69342994689941,0
"bottemp",9.31667709350586,0
"bottemp",12.9680137634277,0.0328793525695801
"bottemp",12.277795791626,0
"bottemp",8.08399200439453,0
"bottemp",11.6823244094849,0.0697100162506104
"bottemp",11.0478296279907,0.0691640973091125
"bottemp",8.23690414428711,0.0143154859542847
"bottemp",5.74724531173706,0
"bottemp",8.46748065948486,0.028097927570343
"bottemp",17.0678539276123,0
"bottemp",6.81930589675903,0.0548983812332153
"bottemp",4.7988452911377,0.111761569976807
"bottemp",4.67405843734741,0.00580108165740967
"bottemp",6.69479274749756,0
"bottemp",6.27150630950928,0
"bottemp",5.24710035324097,0.0186618566513062
"bottemp",3.86250042915344,0.00442087650299072
"bottemp",4.67667436599731,0.0121253728866577
"bottemp",7.45995759963989,0.0385550856590271
"bottemp",3.99794840812683,0
"bottemp",3.86485648155212,0
"bottemp",6.78446340560913,0.0243182182312012
"bottemp",5.15009546279907,0
"bottemp",4.48461866378784,0
"bottemp",4.03238201141357,0
"bottemp",5.52731800079346,0
"bottemp",3.47789430618286,0
"bottemp",3.55935144424438,0.00271236896514893
"bottemp",2.25161337852478,0.0240504145622253
"bottemp",12.2756910324097,0.0381144285202026
"bottemp",10.4749050140381,0.0121277570724487
"bottemp",7.19888019561768,0
"bottemp",9.24005603790283,0.158141255378723
"bottemp",11.1181678771973,0.0305957198143005
"bottemp",10.4604864120483,0.0820853710174561
"bottemp",6.69995021820068,0.0103702545166016
"bottemp",4.2935905456543,0.000503778457641602
"bottemp",6.23356056213379,0.0717923045158386
"bottemp",9.30792045593262,0.288263976573944
"bottemp",6.78517961502075,0.187762498855591
"bottemp",4.81286525726318,0.00828242301940918
"bottemp",6.0061240196228,0
"bottemp",3.64351511001587,0
"bottemp",4.4193811416626,0.0114076137542725
"bottemp",3.61341619491577,0
"bottemp",4.29767990112305,0
"bottemp",4.26901578903198,0
"bottemp",3.95223999023438,0
"bottemp",7.59293127059937,0.00240939855575562
"bottemp",12.8399610519409,0.057306706905365
"bottemp",6.34567356109619,0
"bottemp",8.61642742156982,0
"bottemp",6.76111364364624,0
"bottemp",9.84406471252441,0.00650298595428467
"bottemp",2.73213481903076,0
"bottemp",6.53532409667969,0
"bottemp",5.40673732757568,0
"bottemp",14.7499265670776,0.116791903972626
"bottemp",6.48855638504028,0
"bottemp",5.2610559463501,0
"bottemp",2.94295978546143,0
"bottemp",7.19775676727295,0
"bottemp",4.58007001876831,0
"bottemp",10.4968767166138,0.0142860412597656
"bottemp",13.7581748962402,0
"bottemp",7.42879295349121,0
"bottemp",12.0373992919922,0
"bottemp",10.7880849838257,0.00189834833145142
"bottemp",8.53032970428467,0
"bottemp",10.9382257461548,0.0652691721916199
"bottemp",12.1286869049072,0.165297567844391
"bottemp",11.9684000015259,0.0280739068984985
"bottemp",10.044771194458,0.00767248868942261
"bottemp",11.6092157363892,0
"bottemp",18.6276664733887,0.0639078617095947
"bottemp",9.60034561157227,0
"bottemp",10.6883039474487,0.0906820893287659
"bottemp",7.66058826446533,0.167939424514771
"bottemp",7.78251218795776,0.0440510511398315
"bottemp",9.17017650604248,0
"bottemp",5.82405853271484,0
"bottemp",7.67628908157349,0
"bottemp",9.13649749755859,0
"bottemp",10.9325933456421,0
"bottemp",12.090184211731,0
"bottemp",9.53511905670166,0.119287610054016
"bottemp",10.1717128753662,0.06402987241745
"bottemp",7.43276214599609,0.0790444612503052
"bottemp",8.13498020172119,0.109631061553955
"bottemp",3.89957642555237,0
"bottemp",11.6774396896362,0.108786582946777
"bottemp",5.38740301132202,0
"bottemp",4.23659706115723,0
"bottemp",7.04943990707397,0
"bottemp",7.28226137161255,0
"bottemp",10.6757545471191,0
"bottemp",10.7265691757202,0.0649382472038269
"bottemp",10.1671953201294,0.0332478880882263
"bottemp",15.6701517105103,0.0390685796737671
"bottemp",11.6089696884155,0.151441276073456
"bottemp",7.52829313278198,0.130850553512573
"bottemp",3.97758364677429,0.0645736455917358
"bottemp",6.92917251586914,0
"bottemp",13.4403104782104,0.016999363899231
"bottemp",10.3006191253662,0.188347101211548
"bottemp",7.34865427017212,0.102536201477051
"bottemp",4.64209127426147,0.021113395690918
"bottemp",8.88069534301758,0.0125488042831421
"bottemp",6.60834980010986,0.0163432359695435
"bottemp",10.4865655899048,0
"bottemp",19.3672103881836,0
"bottemp",5.53794288635254,0.050105094909668
"bottemp",6.70741939544678,0.0123869776725769
"bottemp",10.0214004516602,0.0383505821228027
"bottemp",10.3279991149902,0.221536099910736
"bottemp",4.86453866958618,0.00926852226257324
"bottemp",3.95757651329041,0.00217819213867188
"bottemp",5.57885646820068,0
"bottemp",10.9922952651978,0
"bottemp",9.89134693145752,0.0175856947898865
"bottemp",8.94170379638672,0.135342061519623
"bottemp",9.5717658996582,0
"bottemp",13.0680866241455,0
"bottemp",5.78390741348267,0.0127133131027222
"bottemp",11.4189863204956,0
"bottemp",10.1444454193115,0
"bottemp",7.09218120574951,0.0434592366218567
"bottemp",6.89190340042114,0
"bottemp",10.5050802230835,0.0203238725662231
"bottemp",4.21139287948608,0
"bottemp",4.71377658843994,0.000884413719177246
"bottemp",4.3889365196228,0
"bottemp",9.22391700744629,0
"bottemp",10.8717355728149,0.0820065140724182
"bottemp",12.6622972488403,0
"bottemp",11.6843662261963,0
"bottemp",9.0327320098877,0.0410776138305664
"bottemp",11.5105104446411,0
"bottemp",7.99531555175781,0
"bottemp",7.66227436065674,0
"bottemp",3.74864387512207,0
"bottemp",4.39721393585205,0
"bottemp",7.63256645202637,0.0305697917938232
"bottemp",8.78314685821533,0.127634346485138
"bottemp",13.2835826873779,0
"bottemp",7.83302116394043,0.00873279571533203
"bottemp",8.15585327148438,0
"bottemp",11.9030456542969,0
"bottemp",10.4883718490601,0
"bottemp",12.3078851699829,0.0328739881515503
"bottemp",5.31257915496826,0
"bottemp",10.9368867874146,0.229601681232452
"bottemp",11.0033168792725,0.0744985342025757
"bottemp",9.59485149383545,0
"bottemp",4.88605546951294,0.032957911491394
"bottemp",6.98092555999756,0.00165605545043945
"bottemp",3.74997401237488,0
"bottemp",2.80031967163086,0
"bottemp",5.03528070449829,0
"bottemp",4.68451833724976,0
"bottemp",13.1328678131104,0.319480657577515
"bottemp",7.50472164154053,0
"bottemp",10.5622262954712,0.15474259853363
"bottemp",11.996636390686,0
"bottemp",10.3867664337158,0
"bottemp",5.51076412200928,0.0435469150543213
"bottemp",4.96899557113647,0.116567492485046
"bottemp",10.9688768386841,0.0849133729934692
"bottemp",8.94749736785889,0.0218002200126648
"bottemp",3.69576930999756,0.0026823878288269
"bottemp",4.13935995101929,0
"bottemp",9.09179878234863,0.076801598072052
"bottemp",9.90622234344482,0.171904146671295
"bottemp",5.65485906600952,0
"bottemp",9.36079788208008,0.122609198093414
"bottemp",9.79936408996582,0.0464087724685669
"bottemp",10.4235134124756,0.00577843189239502
"bottemp",8.93127822875977,0.0201478600502014
"bottemp",8.69428443908691,0.0983794927597046
"bottemp",9.29927158355713,0
"bottemp",14.2337455749512,0
"bottemp",2.91254758834839,0.0158178806304932
"bottemp",8.01423835754395,0.0247768759727478
"bottemp",10.159987449646,0.22411435842514
"bottemp",13.0986852645874,0.135672271251678
"bottemp",13.371506690979,0.193860828876495
"bottemp",10.6648845672607,0.0458347797393799
"bottemp",4.41960000991821,0
"bottemp",7.24965333938599,0
"bottemp",4.94582366943359,0.0215116143226624
"bottemp",15.5419054031372,0.448613822460175
"bottemp",10.2326679229736,0.262327373027802
"bottemp",11.8595838546753,0.157070815563202
"bottemp",7.48928356170654,0.0355282425880432
"bottemp",8.21151638031006,0.0496214032173157
"bottemp",11.8144702911377,0
"bottemp",7.29818820953369,0
"bottemp",9.8409538269043,0
"bottemp",8.19174289703369,0.155952453613281
"bottemp",12.0443277359009,0.118552923202515
"bottemp",13.2228412628174,0.138665974140167
"bottemp",8.63033008575439,0.0651859045028687
"bottemp",11.0809593200684,0
"bottemp",8.99829769134521,0.00889015197753906
"bottemp",12.2949295043945,0.227875471115112
"bottemp",12.7995195388794,0
"bottemp",14.132212638855,0.359119236469269
"bottemp",4.1899585723877,0.0854659080505371
"bottemp",6.26885318756104,0.126214206218719
"bottemp",8.00228404998779,0.0709502696990967
"bottemp",14.5817489624023,0.186754405498505
"bottemp",6.54476690292358,0.0506624579429626
"bottemp",12.8904905319214,0.308757245540619
"bottemp",9.51632595062256,0.0877434611320496
"bottemp",9.17882061004639,0
"bottemp",7.77856636047363,0.0384394526481628
"bottemp",3.32716631889343,0
"bottemp",12.4115114212036,0.267418324947357
"bottemp",14.4225282669067,0.379347503185272
"bottemp",7.97066640853882,0.0144028663635254
"bottemp",12.5935974121094,0.364727735519409
"bottemp",11.3804702758789,0.0268346071243286
"bottemp",11.3556041717529,0.0543493032455444
"bottemp",11.8026247024536,0
"bottemp",5.05656814575195,0
"bottemp",7.97203493118286,0
"bottemp",10.3748035430908,0.104755938053131
"bottemp",8.24912357330322,0.0694803595542908
"bottemp",9.86590480804443,0.0934658050537109
"bottemp",9.37923622131348,0.0372746586799622
"bottemp",11.5453338623047,0.118355870246887
"bottemp",7.93688535690308,0.0349335670471191
"bottemp",9.82372570037842,0.0163688063621521
"bottemp",6.25117921829224,0.0416345000267029
"bottemp",10.3906164169312,0.00720638036727905
"bottemp",7.47610235214233,0
"bottemp",8.17681121826172,0.0263219475746155
"bottemp",4.66564083099365,0.035539984703064
"bottemp",8.547532081604,0
"bottemp",5.2397665977478,0.0258351564407349
"bottemp",8.05020236968994,0.0532662868499756
"bottemp",11.1810455322266,0
"bottemp",8.87663459777832,0
"bottemp",13.5352907180786,0.00180935859680176
"bottemp",13.6427621841431,0.0205323696136475
"bottemp",4.19421625137329,0
"bottemp",9.72626399993896,0
"bottemp",9.08531856536865,0
"bottemp",10.9130382537842,0.0747409462928772
"bottemp",8.00080299377441,0.227202892303467
"bottemp",6.70650863647461,0.136535406112671
"bottemp",11.0674867630005,0.0925020575523376
"bottemp",9.51249122619629,0.294733881950378
"bottemp",7.28597259521484,0.26747053861618
"bottemp",11.3228425979614,0.128976047039032
"bottemp",9.39175415039062,0
"bottemp",5.45905113220215,0
"bottemp",4.94339084625244,0
"bottemp",8.49659252166748,0.000131607055664062
"bottemp",8.69824314117432,0.0319074392318726
"bottemp",6.5861611366272,0
"bottemp",7.10795021057129,0.173048257827759
"bottemp",8.85298347473145,0.35936963558197
"bottemp",6.25224208831787,0.00938093662261963
"bottemp",13.7969579696655,0
"bottemp",11.1740446090698,0.131975114345551
"bottemp",10.6985139846802,0.155853748321533
"bottemp",10.5169277191162,0
"bottemp",10.7794141769409,0
"bottemp",9.5859842300415,0.0820772647857666
"bottemp",9.05178642272949,0.0440416932106018
"bottemp",11.021312713623,0.12731808423996
"bottemp",7.20884656906128,0.137354791164398
"bottemp",6.81059503555298,0.0796100497245789
"bottemp",8.57958030700684,0.371674060821533
"bottemp",3.43894839286804,0.0114737153053284
"bottemp",9.33647918701172,0.0195642113685608
"bottemp",11.6605453491211,0.117313086986542
"bottemp",10.0877857208252,0.0812879800796509
"bottemp",11.4020023345947,0.197148501873016
"bottemp",9.14073657989502,0.105578660964966
"bottemp",9.71671390533447,0.17132693529129
"bottemp",9.59944725036621,0.116834461688995
"bottemp",8.07664203643799,0.485320746898651
"bottemp",7.68709087371826,0.271264910697937
"bottemp",4.26120948791504,0.00739204883575439
"bottemp",4.18326473236084,0.0143089294433594
"bottemp",9.83202075958252,0.0969322919845581
"bottemp",11.351110458374,0.179029405117035
"bottemp",11.0310611724854,0.149335205554962
"bottemp",10.7201890945435,0.17819756269455
"bottemp",5.32926940917969,0.0319679975509644
"bottemp",11.4576482772827,0.176299810409546
"bottemp",4.93669414520264,0
"bottemp",3.95629644393921,0
"bottemp",11.5539999008179,0
"bottemp",3.80212330818176,0
"bottemp",6.26219701766968,0.070326566696167
"bottemp",4.89058923721313,0.0663872957229614
"bottemp",6.94655895233154,0.0193702578544617
"bottemp",4.69024801254272,0.0222172737121582
"bottemp",15.8511581420898,0.032838761806488
"bottemp",4.4514045715332,0
"bottemp",8.77929401397705,0.0596799850463867
